sample_order,news_id,theme,date,source,title,content,url,measure_id,measure_summary,evidence,all_a,style,industry,style_dimensions,industries,primary_route,confidence,rationale,human_measure_valid,human_all_a,human_style,human_industry,human_correct_industries,human_error_type,human_notes
1,3144029,能源与环保,2026-08-03T16:36:02+08:00,华尔街见闻-7x24快讯,两部门：到2030年，核电装机约1.1亿千瓦,国家发展改革委、国家能源局印发《新型电力系统建设“十五五”规划》。其中提出，科学确定沿海核电基地布局和建设时序。推动核电规模化建设，积极推进新一代核电技术研发示范和推广应用。多措并举降低小型堆成本，加强核能综合利用和商业模式创新。到2030年，核电装机约1.1亿千瓦。,https://wallstreetcn.com/livenews/3144029,M001,设定到2030年核电装机约1.1亿千瓦的量化目标,到2030年，核电装机约1.1亿千瓦,False,False,True,,电力设备,industry,0.95,该政策设定了核电装机容量的具体量化目标，直接引导电力设备行业的投资与建设节奏，属于针对特定行业的供给端政策。,,,,,,,
1,3144029,能源与环保,2026-08-03T16:36:02+08:00,华尔街见闻-7x24快讯,两部门：到2030年，核电装机约1.1亿千瓦,国家发展改革委、国家能源局印发《新型电力系统建设“十五五”规划》。其中提出，科学确定沿海核电基地布局和建设时序。推动核电规模化建设，积极推进新一代核电技术研发示范和推广应用。多措并举降低小型堆成本，加强核能综合利用和商业模式创新。到2030年，核电装机约1.1亿千瓦。,https://wallstreetcn.com/livenews/3144029,M002,推动核电规模化建设并推进新一代核电技术研发示范和推广应用,推动核电规模化建设，积极推进新一代核电技术研发示范和推广应用,False,False,True,,电力设备,industry,0.95,该政策直接针对核电行业的产能扩张与技术迭代，明确指向电力设备行业的需求与供给变化。政策未涉及全市场流动性或交易制度，也未明确导致不同风格股票间的系统性相对差异。,,,,,,,
1,3144029,能源与环保,2026-08-03T16:36:02+08:00,华尔街见闻-7x24快讯,两部门：到2030年，核电装机约1.1亿千瓦,国家发展改革委、国家能源局印发《新型电力系统建设“十五五”规划》。其中提出，科学确定沿海核电基地布局和建设时序。推动核电规模化建设，积极推进新一代核电技术研发示范和推广应用。多措并举降低小型堆成本，加强核能综合利用和商业模式创新。到2030年，核电装机约1.1亿千瓦。,https://wallstreetcn.com/livenews/3144029,M003,多措并举降低小型堆成本并加强核能综合利用和商业模式创新,多措并举降低小型堆成本，加强核能综合利用和商业模式创新,False,False,True,,电力设备,industry,0.95,该政策直接针对核电行业（属于电力设备行业）的成本降低与商业模式创新，旨在提升该特定行业的经济性与应用范围。政策未涉及全市场流动性或交易制度，也未明确指向大小盘或价值成长等风格因子的系统性差异。,,,,,,,
2,3140182,综合政策,2026-07-27T17:01:39+08:00,华尔街见闻-7x24快讯,国务院办公厅印发《关于国务院行政复议案件处理程序的若干规定》,日前，国务院办公厅印发《关于国务院行政复议案件处理程序的若干规定》，自印发之日起施行。 《若干规定》旨在全面贯彻落实新修订的行政复议法及其实施条例，提升行政复议监督质效，促进依法行政，进一步规范国务院行政复议案件有关处理程序。全文共10条，主要内容如下。,https://wallstreetcn.com/livenews/3140182,M001,印发《关于国务院行政复议案件处理程序的若干规定》并自印发之日起施行，以规范国务院行政复议案件处理程序。,日前，国务院办公厅印发《关于国务院行政复议案件处理程序的若干规定》，自印发之日起施行。,False,False,False,,,none,0.95,该政策仅规范国务院内部行政复议案件的程序与监督机制，属于行政流程优化，不直接改变A股市场的流动性、交易成本、定价环境或特定行业的供需关系。,,,,,,,
3,3139332,贸易与外部冲击,2026-07-24T16:07:04+08:00,华尔街见闻-7x24快讯,商务部新闻发言人就将14家欧盟实体列入出口管制管控名单答记者问,北京时间7月23日晚，欧方正式发布第21轮对俄制裁措施，将14家中国内地和香港企业列单制裁。为维护国家安全和利益，履行防扩散等国际义务，针对欧方上述恶劣行径，根据《中华人民共和国出口管制法》和《中华人民共和国两用物项出口管制条例》等法律法规有关规定，中方决定将拉法特集团等14家欧盟实体列入出口管制管控名单，禁止出口经营者向上述实体出口两用物项，禁止境外组织和个人将原产于中华人民共和国的两用物项转移或提供给上述实体。（商务部网站）,https://wallstreetcn.com/livenews/3139332,M001,将14家欧盟实体列入出口管制管控名单，禁止出口经营者向上述实体出口两用物项，并禁止境外组织和个人将原产于中国的两用物项转移或提供给上述实体。,中方决定将拉法特集团等14家欧盟实体列入出口管制管控名单，禁止出口经营者向上述实体出口两用物项，禁止境外组织和个人将原产于中华人民共和国的两用物项转移或提供给上述实体。,False,False,True,,国防军工|电子|机械设备,industry,0.9,该政策直接限制两用物项出口，主要影响国防军工、电子及机械设备等涉及敏感技术出口的行业供给与合规成本。由于仅针对特定欧盟实体，不改变全市场流动性或普遍性行业供需，故不触发全市场或风格标签。,,,,,,,
4,3139293,财政与税收,2026-07-24T15:07:07+08:00,华尔街见闻-7x24快讯,三部门将开展征收挥发性有机物环境保护税试点,财政部、税务总局、生态环境部近日联合发布通知，明确自2027年1月1日起开展征收挥发性有机物环境保护税试点，挥发性有机物将全部纳入征税范围。此次公布的《征收挥发性有机物环境保护税试点实施办法》明确，试点工作将按照“试点先行、分步实施、稳步推进”的原则有序推进。首批纳入征收试点范围的行业包括印刷、化学原料和化学制品制造等八个行业。根据办法，挥发性有机物环境保护税的税额幅度为每污染当量8元至12元。具体适用税额由各省、自治区、直辖市人民政府在规定的税额幅度内确定。,https://wallstreetcn.com/livenews/3139293,M001,自2027年1月1日起开展挥发性有机物环境保护税试点，将挥发性有机物全部纳入征税范围。,明确自2027年1月1日起开展征收挥发性有机物环境保护税试点，挥发性有机物将全部纳入征税范围,False,False,True,,基础化工|石油石化|环保,industry,0.95,该政策直接针对挥发性有机物排放征收环境保护税，将显著增加化工、石油石化及环保等相关行业的合规成本与运营约束。此措施属于特定行业的供给端监管政策，不直接改变全市场流动性或系统性风险定价环境。,,,,,,,
4,3139293,财政与税收,2026-07-24T15:07:07+08:00,华尔街见闻-7x24快讯,三部门将开展征收挥发性有机物环境保护税试点,财政部、税务总局、生态环境部近日联合发布通知，明确自2027年1月1日起开展征收挥发性有机物环境保护税试点，挥发性有机物将全部纳入征税范围。此次公布的《征收挥发性有机物环境保护税试点实施办法》明确，试点工作将按照“试点先行、分步实施、稳步推进”的原则有序推进。首批纳入征收试点范围的行业包括印刷、化学原料和化学制品制造等八个行业。根据办法，挥发性有机物环境保护税的税额幅度为每污染当量8元至12元。具体适用税额由各省、自治区、直辖市人民政府在规定的税额幅度内确定。,https://wallstreetcn.com/livenews/3139293,M002,首批将印刷、化学原料和化学制品制造等八个行业纳入征收试点范围。,首批纳入征收试点范围的行业包括印刷、化学原料和化学制品制造等八个行业,False,False,True,,基础化工|轻工制造,industry,0.95,该政策直接针对印刷、化学原料和化学制品制造等特定行业征收环保税，将直接增加这些行业的合规成本并改变其供给约束。政策范围限定于特定行业，不改变全市场流动性或系统性风险，也未明确导致不同风格股票间的相对估值差异。,,,,,,,
4,3139293,财政与税收,2026-07-24T15:07:07+08:00,华尔街见闻-7x24快讯,三部门将开展征收挥发性有机物环境保护税试点,财政部、税务总局、生态环境部近日联合发布通知，明确自2027年1月1日起开展征收挥发性有机物环境保护税试点，挥发性有机物将全部纳入征税范围。此次公布的《征收挥发性有机物环境保护税试点实施办法》明确，试点工作将按照“试点先行、分步实施、稳步推进”的原则有序推进。首批纳入征收试点范围的行业包括印刷、化学原料和化学制品制造等八个行业。根据办法，挥发性有机物环境保护税的税额幅度为每污染当量8元至12元。具体适用税额由各省、自治区、直辖市人民政府在规定的税额幅度内确定。,https://wallstreetcn.com/livenews/3139293,M003,设定挥发性有机物环境保护税税额幅度为每污染当量8元至12元，由省级政府确定具体适用税额。,挥发性有机物环境保护税的税额幅度为每污染当量8元至12元。具体适用税额由各省、自治区、直辖市人民政府在规定的税额幅度内确定,False,False,True,,环保|基础化工|石油石化,industry,0.9,该政策直接针对挥发性有机物排放征收环境保护税，将增加化工、石化及环保相关企业的合规成本或运营约束。这属于针对特定污染物排放的行业性监管政策，直接影响相关行业的供给成本与竞争格局。,,,,,,,
5,3141549,综合政策,2026-07-29T15:40:59+08:00,华尔街见闻-7x24快讯,《智能家用电器质量安全风险分类评价指南》国家标准发布,从国家市场监督管理总局获悉，市场监管总局近日批准发布《智能家用电器质量安全风险分类评价指南》（GB/T 47777—2026）国家标准，将于2027年2月1日起实施。 标准确立了智能家用电器风险分类评价的基本原则、评价指标与评价方法，助力化解传统物理安全与新型信息安全叠加隐患。针对智能家电兼具传统电器硬件风险与联网数字化新型风险的行业现状，标准作出三方面规定，分别是划定四类安全风险、实现产品风险综合量化研判、统一评估流程与风险分级机制。 （新华网）,https://wallstreetcn.com/livenews/3141549,M001,发布智能家用电器质量安全风险分类评价国家标准，确立风险分类原则、指标与方法，统一评估流程与分级机制。,市场监管总局近日批准发布《智能家用电器质量安全风险分类评价指南》（GB/T 47777—2026）国家标准，将于2027年2月1日起实施。,False,False,True,,家用电器,industry,0.95,该政策直接针对智能家用电器行业发布质量安全风险分类评价国家标准，规范行业风险管控与评估流程。其影响直接作用于该行业的供给端合规成本与产品标准，属于明确的行业监管政策。,,,,,,,
6,3141499,消费与民生,2026-07-29T14:26:57+08:00,华尔街见闻-7x24快讯,商务部：进一步加力推动城市一刻钟便民生活圈建设,商务部办公厅印发关于进一步加力推动城市一刻钟便民生活圈建设的工作通知。通知提出，各地要加快工作进度，划定便民生活圈总量，明确逐年建设数量，按照有关规划安排，在保证质量的前提下，2026年完成全国建设1万个便民生活圈的既定目标。各地要依托便民生活圈开展丰富多彩的惠民促销活动，推动国货“潮品”、外贸优品、本地精品、国际名品进社区，依法依规设置展区展台，丰富社区消费场景。要鼓励家电以旧换新、数码和智能产品购新补贴政策参与主体，在社区举办宣传促销活动，引导生产、销售、平台、售后服务和回收企业在社区设立便民服务点。要鼓励汽车生产、流通、回收企业在社区宣传汽车以旧换新政策，在有条件的社区开展汽车展示展销、体验试驾等活动。,https://wallstreetcn.com/livenews/3141499,M001,设定2026年全国建设1万个城市一刻钟便民生活圈的量化目标并加快进度,2026年完成全国建设1万个便民生活圈的既定目标,False,False,True,,商贸零售|社会服务|建筑装饰,industry,0.9,该政策直接设定社区商业设施建设目标，将直接增加商贸零售、社会服务及建筑装饰行业的订单需求与业务规模。,,,,,,,
6,3141499,消费与民生,2026-07-29T14:26:57+08:00,华尔街见闻-7x24快讯,商务部：进一步加力推动城市一刻钟便民生活圈建设,商务部办公厅印发关于进一步加力推动城市一刻钟便民生活圈建设的工作通知。通知提出，各地要加快工作进度，划定便民生活圈总量，明确逐年建设数量，按照有关规划安排，在保证质量的前提下，2026年完成全国建设1万个便民生活圈的既定目标。各地要依托便民生活圈开展丰富多彩的惠民促销活动，推动国货“潮品”、外贸优品、本地精品、国际名品进社区，依法依规设置展区展台，丰富社区消费场景。要鼓励家电以旧换新、数码和智能产品购新补贴政策参与主体，在社区举办宣传促销活动，引导生产、销售、平台、售后服务和回收企业在社区设立便民服务点。要鼓励汽车生产、流通、回收企业在社区宣传汽车以旧换新政策，在有条件的社区开展汽车展示展销、体验试驾等活动。,https://wallstreetcn.com/livenews/3141499,M002,依托便民生活圈开展惠民促销活动，丰富社区消费场景,各地要依托便民生活圈开展丰富多彩的惠民促销活动，推动国货“潮品”、外贸优品、本地精品、国际名品进社区，依法依规设置展区展台，丰富社区消费场景,False,False,True,,商贸零售|社会服务,industry,0.9,该政策直接针对社区消费场景，通过组织商品进社区展销刺激需求，直接利好商贸零售（商品销售）和社会服务（社区生活服务）行业。政策未涉及全市场流动性或制度性变化，也未明确导致不同风格股票间的系统性估值差异。,,,,,,,
6,3141499,消费与民生,2026-07-29T14:26:57+08:00,华尔街见闻-7x24快讯,商务部：进一步加力推动城市一刻钟便民生活圈建设,商务部办公厅印发关于进一步加力推动城市一刻钟便民生活圈建设的工作通知。通知提出，各地要加快工作进度，划定便民生活圈总量，明确逐年建设数量，按照有关规划安排，在保证质量的前提下，2026年完成全国建设1万个便民生活圈的既定目标。各地要依托便民生活圈开展丰富多彩的惠民促销活动，推动国货“潮品”、外贸优品、本地精品、国际名品进社区，依法依规设置展区展台，丰富社区消费场景。要鼓励家电以旧换新、数码和智能产品购新补贴政策参与主体，在社区举办宣传促销活动，引导生产、销售、平台、售后服务和回收企业在社区设立便民服务点。要鼓励汽车生产、流通、回收企业在社区宣传汽车以旧换新政策，在有条件的社区开展汽车展示展销、体验试驾等活动。,https://wallstreetcn.com/livenews/3141499,M003,鼓励家电、数码等以旧换新及购新补贴政策主体在社区设立便民服务点,要鼓励家电以旧换新、数码和智能产品购新补贴政策参与主体，在社区举办宣传促销活动，引导生产、销售、平台、售后服务和回收企业在社区设立便民服务点,False,False,True,,家用电器|电子,industry,0.9,该政策直接针对家电和数码产品的以旧换新及购新补贴环节，通过设立社区服务点降低消费门槛，直接改变家电和电子行业的销售供给与需求环境。政策未涉及全市场流动性或系统性风险，也未明确导致不同风格股票间的相对估值差异。,,,,,,,
6,3141499,消费与民生,2026-07-29T14:26:57+08:00,华尔街见闻-7x24快讯,商务部：进一步加力推动城市一刻钟便民生活圈建设,商务部办公厅印发关于进一步加力推动城市一刻钟便民生活圈建设的工作通知。通知提出，各地要加快工作进度，划定便民生活圈总量，明确逐年建设数量，按照有关规划安排，在保证质量的前提下，2026年完成全国建设1万个便民生活圈的既定目标。各地要依托便民生活圈开展丰富多彩的惠民促销活动，推动国货“潮品”、外贸优品、本地精品、国际名品进社区，依法依规设置展区展台，丰富社区消费场景。要鼓励家电以旧换新、数码和智能产品购新补贴政策参与主体，在社区举办宣传促销活动，引导生产、销售、平台、售后服务和回收企业在社区设立便民服务点。要鼓励汽车生产、流通、回收企业在社区宣传汽车以旧换新政策，在有条件的社区开展汽车展示展销、体验试驾等活动。,https://wallstreetcn.com/livenews/3141499,M004,鼓励汽车企业在社区开展以旧换新宣传及展示展销活动,要鼓励汽车生产、流通、回收企业在社区宣传汽车以旧换新政策，在有条件的社区开展汽车展示展销、体验试驾等活动,False,False,True,,汽车,industry,0.95,该政策直接针对汽车生产、流通及回收企业，通过社区展销和试驾活动促进以旧换新，直接改变汽车行业的销售需求和供给效率。政策未涉及全市场流动性或系统性制度变化，也未明确导致不同风格股票间的相对估值差异。,,,,,,,
7,3145884,科技与制造,2026-08-06T15:11:25+08:00,华尔街见闻-7x24快讯,工信部：引导民爆产能向需求集中、缺口扩大的地区转移，限制产能过剩地区产能转入,工业和信息化部印发《民用爆炸物品行业安全发展“十五五”规划》提出，优化区域产能布局。统筹推进区域产能规划布局调整，科学设置民用爆炸物品生产、销售场点。引导产能向需求集中、缺口扩大的地区转移，限制产能过剩地区产能转入，推动供需适配。原则上不新增产能过剩品种的许可产能。支持企业面向煤炭、金属矿山和非金属矿山、基础设施建设等需求，开展个性化定制服务，提升有效供给能力。加强民爆市场供需监测预警并及时引导，不断强化民爆行业在国家基础设施建设中的保障能力。,https://wallstreetcn.com/livenews/3145884,M001,引导民爆产能向需求集中、缺口扩大的地区转移，并限制产能过剩地区产能转入,引导产能向需求集中、缺口扩大的地区转移，限制产能过剩地区产能转入,False,False,True,,国防军工,industry,0.9,该政策直接针对民用爆炸物品行业的产能布局进行行政规划调整，明确限制产能过剩地区的转入并引导向需求集中地区转移，直接改变该行业的供给约束和区域供需结构。民爆行业属于国防军工产业链的上游关键细分领域，因此归类为国防军工行业研究。,,,,,,,
7,3145884,科技与制造,2026-08-06T15:11:25+08:00,华尔街见闻-7x24快讯,工信部：引导民爆产能向需求集中、缺口扩大的地区转移，限制产能过剩地区产能转入,工业和信息化部印发《民用爆炸物品行业安全发展“十五五”规划》提出，优化区域产能布局。统筹推进区域产能规划布局调整，科学设置民用爆炸物品生产、销售场点。引导产能向需求集中、缺口扩大的地区转移，限制产能过剩地区产能转入，推动供需适配。原则上不新增产能过剩品种的许可产能。支持企业面向煤炭、金属矿山和非金属矿山、基础设施建设等需求，开展个性化定制服务，提升有效供给能力。加强民爆市场供需监测预警并及时引导，不断强化民爆行业在国家基础设施建设中的保障能力。,https://wallstreetcn.com/livenews/3145884,M002,原则上不新增产能过剩品种的许可产能,原则上不新增产能过剩品种的许可产能,False,False,True,,基础化工,industry,0.95,该政策直接针对民爆行业（属于基础化工）的产能许可进行行政限制，旨在遏制产能过剩并引导区域转移。其传导机制是通过行政许可控制供给端，直接影响该行业的供需平衡和竞争格局，而非全市场或风格因子。,,,,,,,
7,3145884,科技与制造,2026-08-06T15:11:25+08:00,华尔街见闻-7x24快讯,工信部：引导民爆产能向需求集中、缺口扩大的地区转移，限制产能过剩地区产能转入,工业和信息化部印发《民用爆炸物品行业安全发展“十五五”规划》提出，优化区域产能布局。统筹推进区域产能规划布局调整，科学设置民用爆炸物品生产、销售场点。引导产能向需求集中、缺口扩大的地区转移，限制产能过剩地区产能转入，推动供需适配。原则上不新增产能过剩品种的许可产能。支持企业面向煤炭、金属矿山和非金属矿山、基础设施建设等需求，开展个性化定制服务，提升有效供给能力。加强民爆市场供需监测预警并及时引导，不断强化民爆行业在国家基础设施建设中的保障能力。,https://wallstreetcn.com/livenews/3145884,M003,支持企业面向特定行业需求开展个性化定制服务，提升有效供给能力,支持企业面向煤炭、金属矿山和非金属矿山、基础设施建设等需求，开展个性化定制服务，提升有效供给能力,False,False,True,,基础化工,industry,0.95,该政策直接针对民爆行业（属于基础化工）的产能布局与供给结构进行引导，通过鼓励定制化服务提升特定下游需求（煤炭、矿山等）的匹配度，直接改变该行业的供需与成本约束。,,,,,,,
8,3139357,资本市场制度,2026-07-24T16:49:10+08:00,华尔街见闻-7x24快讯,香港证监会优化单日杠杆及反向产品的监管框架以确保市场有序交易,香港证监会今天发出经修订的通函，将规定其容量高度受市况变化影响的杠杆及反向产品，须采用灵活杠杆结构。在此结构下，杠杆倍数可在现有上限（即杠杆产品为2倍，反向产品为-2倍）内每日调整。因此，产品提供者在必要时可下调该等产品的目标杠杆倍数，从而于高交易量期间有更大空间管理产品。该等产品于下一交易日的杠杆倍数将于每日收市后披露。杠杆倍数每日的潜在调整，亦有助加深投资者对杠杆及反向产品属单日产品的认识，提醒投资者该等产品并不适合持有超过一日。（香港证监会网站）,https://wallstreetcn.com/livenews/3139357,M001,强制杠杆及反向产品采用灵活杠杆结构，允许在现有上限内每日调整杠杆倍数,将规定其容量高度受市况变化影响的杠杆及反向产品，须采用灵活杠杆结构。在此结构下，杠杆倍数可在现有上限（即杠杆产品为2倍，反向产品为-2倍）内每日调整,False,False,False,,,none,0.95,该政策针对香港市场的特定衍生品（杠杆及反向产品）进行监管优化，旨在提升产品风险管理的灵活性，属于局部产品监管措施。其影响范围局限于特定金融工具的交易机制，未直接改变A股全市场的定价环境、风格因子暴露或实体行业的供需基本面。,,,,,,,
8,3139357,资本市场制度,2026-07-24T16:49:10+08:00,华尔街见闻-7x24快讯,香港证监会优化单日杠杆及反向产品的监管框架以确保市场有序交易,香港证监会今天发出经修订的通函，将规定其容量高度受市况变化影响的杠杆及反向产品，须采用灵活杠杆结构。在此结构下，杠杆倍数可在现有上限（即杠杆产品为2倍，反向产品为-2倍）内每日调整。因此，产品提供者在必要时可下调该等产品的目标杠杆倍数，从而于高交易量期间有更大空间管理产品。该等产品于下一交易日的杠杆倍数将于每日收市后披露。杠杆倍数每日的潜在调整，亦有助加深投资者对杠杆及反向产品属单日产品的认识，提醒投资者该等产品并不适合持有超过一日。（香港证监会网站）,https://wallstreetcn.com/livenews/3139357,M002,强制披露下一交易日的杠杆倍数,该等产品于下一交易日的杠杆倍数将于每日收市后披露,False,False,False,,,none,0.95,该措施属于针对特定衍生品（杠杆及反向产品）的局部监管优化，旨在提升信息披露透明度，不直接改变全市场流动性、交易成本或系统性风险定价环境。同时，它未对股票风格因子（如大小盘、价值成长）或实体行业供需产生直接传导机制。,,,,,,,
9,3144033,能源与环保,2026-08-03T16:37:24+08:00,华尔街见闻-7x24快讯,两部门：到2030年，西电东送规模超过4.2亿千瓦,国家发展改革委、国家能源局印发《新型电力系统建设“十五五”规划》。其中提出，着力推动电力流向布局优化。推动存量直流输电通道改造升级。落实国家区域发展战略和全国电力流向优化布局总体方案，逐步形成东北、中北、西北“沙戈荒”基地群和西南水风光一体化基地群向东中部、川渝和南方负荷中心地区送电，海上风电基地和沿海核电基地就近消纳的电力流向总体格局。加快推动“十四五”时期已纳规输电通道尽早建成投运。到2030年，西电东送规模超过4.2亿千瓦。开展“沙戈荒”等100%新能源外送输电工程试点。,https://wallstreetcn.com/livenews/3144033,M001,设定到2030年西电东送规模超过4.2亿千瓦的目标,到2030年，西电东送规模超过4.2亿千瓦,False,False,True,,电力设备|公用事业,industry,0.95,该政策设定了西电东送的具体规模目标，直接引导电力基础设施的投资与建设，明确利好电力设备（如特高压设备）和公用事业（电网运营）行业。此政策不改变全市场流动性或交易制度，也不直接导致不同风格股票间的系统性相对估值差异。,,,,,,,
9,3144033,能源与环保,2026-08-03T16:37:24+08:00,华尔街见闻-7x24快讯,两部门：到2030年，西电东送规模超过4.2亿千瓦,国家发展改革委、国家能源局印发《新型电力系统建设“十五五”规划》。其中提出，着力推动电力流向布局优化。推动存量直流输电通道改造升级。落实国家区域发展战略和全国电力流向优化布局总体方案，逐步形成东北、中北、西北“沙戈荒”基地群和西南水风光一体化基地群向东中部、川渝和南方负荷中心地区送电，海上风电基地和沿海核电基地就近消纳的电力流向总体格局。加快推动“十四五”时期已纳规输电通道尽早建成投运。到2030年，西电东送规模超过4.2亿千瓦。开展“沙戈荒”等100%新能源外送输电工程试点。,https://wallstreetcn.com/livenews/3144033,M002,推动存量直流输电通道改造升级,推动存量直流输电通道改造升级,False,False,True,,电力设备|公用事业,industry,0.9,该政策直接针对存量直流输电通道的改造升级，将直接增加电力设备（如特高压设备、换流阀等）的订单需求，并提升公用事业（电网运营）的输送效率与资产价值。,,,,,,,
9,3144033,能源与环保,2026-08-03T16:37:24+08:00,华尔街见闻-7x24快讯,两部门：到2030年，西电东送规模超过4.2亿千瓦,国家发展改革委、国家能源局印发《新型电力系统建设“十五五”规划》。其中提出，着力推动电力流向布局优化。推动存量直流输电通道改造升级。落实国家区域发展战略和全国电力流向优化布局总体方案，逐步形成东北、中北、西北“沙戈荒”基地群和西南水风光一体化基地群向东中部、川渝和南方负荷中心地区送电，海上风电基地和沿海核电基地就近消纳的电力流向总体格局。加快推动“十四五”时期已纳规输电通道尽早建成投运。到2030年，西电东送规模超过4.2亿千瓦。开展“沙戈荒”等100%新能源外送输电工程试点。,https://wallstreetcn.com/livenews/3144033,M003,加快推动“十四五”时期已纳规输电通道尽早建成投运,加快推动“十四五”时期已纳规输电通道尽早建成投运,False,False,True,,电力设备|公用事业,industry,0.9,该政策直接加速输电通道建设，明确增加电力供应能力，直接利好电力设备（特高压设备）和公用事业（电网运营）行业的需求与供给。政策未涉及全市场流动性或系统性风险，也未造成不同风格股票间的相对估值差异。,,,,,,,
9,3144033,能源与环保,2026-08-03T16:37:24+08:00,华尔街见闻-7x24快讯,两部门：到2030年，西电东送规模超过4.2亿千瓦,国家发展改革委、国家能源局印发《新型电力系统建设“十五五”规划》。其中提出，着力推动电力流向布局优化。推动存量直流输电通道改造升级。落实国家区域发展战略和全国电力流向优化布局总体方案，逐步形成东北、中北、西北“沙戈荒”基地群和西南水风光一体化基地群向东中部、川渝和南方负荷中心地区送电，海上风电基地和沿海核电基地就近消纳的电力流向总体格局。加快推动“十四五”时期已纳规输电通道尽早建成投运。到2030年，西电东送规模超过4.2亿千瓦。开展“沙戈荒”等100%新能源外送输电工程试点。,https://wallstreetcn.com/livenews/3144033,M004,开展“沙戈荒”等100%新能源外送输电工程试点,开展“沙戈荒”等100%新能源外送输电工程试点,False,False,True,,电力设备|公用事业,industry,0.9,该政策直接针对新能源外送输电工程试点，明确涉及电力设备（特高压、输电设施）的制造与建设需求，以及公用事业（电力运营）的供给结构变化。政策聚焦于特定行业的技术路径和产能扩张，不直接改变全市场流动性或系统性风险，也未形成跨风格因子的普遍性相对估值差异。,,,,,,,
10,3142301,综合政策,2026-07-30T16:46:31+08:00,华尔街见闻-7x24快讯,国家发改委发布《电网公平开放监管办法》（公开征求意见稿）,其中提出，向电网企业申请接入电网的电源项目，应满足以下条件： （一）符合国家产业政策，不属于国家《产业结构调整指导目录》中淘汰类及限制类项目； （二）已列入政府批准的规划或年度实施方案，或取得核准（备案）文件； （三）接入增量配电网的电源项目，应满足国家关于增量配电业务改革试点的相关政策。,https://wallstreetcn.com/livenews/3142301,M001,设定电源项目接入电网的准入条件，包括符合产业政策、列入规划或取得核准、满足增量配电改革试点政策。,其中提出，向电网企业申请接入电网的电源项目，应满足以下条件： （一）符合国家产业政策，不属于国家《产业结构调整指导目录》中淘汰类及限制类项目； （二）已列入政府批准的规划或年度实施方案，或取得核准（备案）文件； （三）接入增量配电网的电源项目，应满足国家关于增量配电业务改革试点的相关政策。,False,False,True,,电力设备|公用事业,industry,0.9,该政策直接设定电源项目接入电网的准入条件，明确限制不符合产业政策和规划的项目，直接影响电力设备（电源侧）和公用事业（电网侧）的供需与项目落地节奏。,,,,,,,
11,3138580,消费与民生,2026-07-23T11:17:35+08:00,华尔街见闻-7x24快讯,北京2026年消费品以旧换新补贴产品扩容,北京市商务局发布关于新增2026年消费品以旧换新补贴产品的公告，经向商务部报备确认，增加10类补贴产品，现将有关事项公告如下：对在京个人消费者购买智能门锁、智能摄像头、智能扫地机（含智能洗地机、智能吸尘器）、智能马桶（含智能马桶盖）、数码相机（含运动相机）、智能耳机、全屋智能主机（含智慧家庭服务器、智能网关）、智能床（含智能床垫）、智能电动轮椅、具身智能机器人（含陪伴类机器人、机器狗、外骨骼机器人、养老照护机器人）等10类产品给予补贴。对个人消费者购买上述智能家居产品（含适老化家居产品），补贴标准为上述产品扣除各环节优惠后最终销售价格的15%，每人每类可补贴1件，每件补贴不超过1500元。,https://wallstreetcn.com/livenews/3138580,M001,北京市新增10类智能家居产品纳入2026年消费品以旧换新补贴范围，对购买者给予补贴。,增加10类补贴产品，现将有关事项公告如下：对在京个人消费者购买智能门锁、智能摄像头、智能扫地机（含智能洗地机、智能吸尘器）、智能马桶（含智能马桶盖）、数码相机（含运动相机）、智能耳机、全屋智能主机（含智慧家庭服务器、智能网关）、智能床（含智能床垫）、智能电动轮椅、具身智能机器人（含陪伴类机器人、机器狗、外骨骼机器人、养老照护机器人）等10类产品给予补贴。,False,False,True,,家用电器|电子|机械设备,industry,0.95,该政策直接针对智能家居产品（如智能家电、电子设备及具身智能机器人）提供财政补贴，直接降低相关产品的终端购买成本并刺激需求。这属于对特定行业（家用电器、电子、机械设备）的供给侧与需求侧直接干预，而非全市场宏观环境或系统性风格因子的变化。,,,,,,,
11,3138580,消费与民生,2026-07-23T11:17:35+08:00,华尔街见闻-7x24快讯,北京2026年消费品以旧换新补贴产品扩容,北京市商务局发布关于新增2026年消费品以旧换新补贴产品的公告，经向商务部报备确认，增加10类补贴产品，现将有关事项公告如下：对在京个人消费者购买智能门锁、智能摄像头、智能扫地机（含智能洗地机、智能吸尘器）、智能马桶（含智能马桶盖）、数码相机（含运动相机）、智能耳机、全屋智能主机（含智慧家庭服务器、智能网关）、智能床（含智能床垫）、智能电动轮椅、具身智能机器人（含陪伴类机器人、机器狗、外骨骼机器人、养老照护机器人）等10类产品给予补贴。对个人消费者购买上述智能家居产品（含适老化家居产品），补贴标准为上述产品扣除各环节优惠后最终销售价格的15%，每人每类可补贴1件，每件补贴不超过1500元。,https://wallstreetcn.com/livenews/3138580,M002,对纳入补贴范围的智能家居产品设定15%的补贴比例及每件最高1500元的补贴上限。,对个人消费者购买上述智能家居产品（含适老化家居产品），补贴标准为上述产品扣除各环节优惠后最终销售价格的15%，每人每类可补贴1件，每件补贴不超过1500元。,False,False,True,,家用电器|电子,industry,0.95,该政策直接针对智能家居产品设定补贴比例和上限，直接增加家电和电子行业的终端需求。政策对象明确限定为特定消费品，不改变全市场流动性或系统性风险，也不直接导致不同风格股票间的相对估值差异。,,,,,,,
12,3142504,货币与金融,2026-07-30T21:26:11+08:00,华尔街见闻-7x24快讯,英国央行决议要点汇总,①决议结果：英国央行内部以6:3的投票结果，维持利率在3.75%不变，有3名委员投票支持加息25个基点。 ②关于前瞻指引：英国央行行长贝利强调，不要认为英国央行正在逐步走向加息，但其表示英国央行“随时准备采取行动”。 ③关于能源价格：近期能源价格波动剧烈，油气价格已明显高于此前预测，将继续关注美伊冲突对通胀的影响。 ④关于量化紧缩（QT）：资产负债表缩减对10年期国债收益率的影响较为温和，将在9月就下一年度量化紧缩计划作出决定。 ⑤关于经济和劳动力市场：预计2026年和2027年GDP增速均将维持在1%左右，职位空缺和私营部门工资增长已降至疫情以来低位。,https://wallstreetcn.com/livenews/3142504,M001,英国央行决定维持基准利率在3.75%不变。,英国央行内部以6:3的投票结果，维持利率在3.75%不变,True,False,False,,,all_a,0.85,英国央行作为全球主要央行之一，其利率决议通过全球汇率、跨境资本流动及风险偏好传导至A股共同定价环境。维持利率不变直接影响了全球流动性预期和跨境资金对A股的配置逻辑，属于系统性宏观政策传导。,,,,,,,
12,3142504,货币与金融,2026-07-30T21:26:11+08:00,华尔街见闻-7x24快讯,英国央行决议要点汇总,①决议结果：英国央行内部以6:3的投票结果，维持利率在3.75%不变，有3名委员投票支持加息25个基点。 ②关于前瞻指引：英国央行行长贝利强调，不要认为英国央行正在逐步走向加息，但其表示英国央行“随时准备采取行动”。 ③关于能源价格：近期能源价格波动剧烈，油气价格已明显高于此前预测，将继续关注美伊冲突对通胀的影响。 ④关于量化紧缩（QT）：资产负债表缩减对10年期国债收益率的影响较为温和，将在9月就下一年度量化紧缩计划作出决定。 ⑤关于经济和劳动力市场：预计2026年和2027年GDP增速均将维持在1%左右，职位空缺和私营部门工资增长已降至疫情以来低位。,https://wallstreetcn.com/livenews/3142504,M002,英国央行计划于9月就下一年度量化紧缩计划作出决定。,将在9月就下一年度量化紧缩计划作出决定,True,False,False,,,all_a,0.9,英国央行作为全球主要央行，其量化紧缩计划直接决定全球流动性供给与长期利率水平，进而通过跨境资本流动和风险偏好传导至A股全市场共同定价环境。该政策属于能够经全球利率、汇率或流动性传导至A股共同定价环境的正式政策决定。,,,,,,,
13,3138720,贸易与外部冲击,2026-07-23T15:51:33+08:00,华尔街见闻-7x24快讯,商务部：将加快修订出台关于外国投资者并购境内企业的规定,商务部外国投资管理司司长孟华婷在新闻发布会上表示，下半年，将继续围绕利用外资固稳促优目标，进一步塑造吸引外资新优势，做好扩增量、稳存量、提质量各项工作。在扩增量方面，将继续实施高水平对外开放，稳妥有序深化增值电信、生物技术、外商独资医院和职业技能培训机构等领域的开放试点，支持北京市提升国家服务业综合示范区建设水平，还将加快修订出台关于外国投资者并购境内企业的规定。将持续打造“投资中国”品牌，精心设计一系列投资促进活动。中国国际投资贸易洽谈会是“投资中国”的标志性展会，今年将举办第26届，欢迎跨国公司积极参展参会。（证券时报）,https://wallstreetcn.com/livenews/3138720,M001,加快修订出台关于外国投资者并购境内企业的规定,还将加快修订出台关于外国投资者并购境内企业的规定,False,False,False,,,none,0.9,该政策针对特定交易类型（外资并购）的法规修订，属于微观制度优化，未直接改变全市场流动性、交易成本或系统性风险环境。同时，其影响未明确指向特定行业供需或特定风格因子（如大小盘、价值成长）的系统性差异，因此不触发全市场、风格或行业路由。,,,,,,,
13,3138720,贸易与外部冲击,2026-07-23T15:51:33+08:00,华尔街见闻-7x24快讯,商务部：将加快修订出台关于外国投资者并购境内企业的规定,商务部外国投资管理司司长孟华婷在新闻发布会上表示，下半年，将继续围绕利用外资固稳促优目标，进一步塑造吸引外资新优势，做好扩增量、稳存量、提质量各项工作。在扩增量方面，将继续实施高水平对外开放，稳妥有序深化增值电信、生物技术、外商独资医院和职业技能培训机构等领域的开放试点，支持北京市提升国家服务业综合示范区建设水平，还将加快修订出台关于外国投资者并购境内企业的规定。将持续打造“投资中国”品牌，精心设计一系列投资促进活动。中国国际投资贸易洽谈会是“投资中国”的标志性展会，今年将举办第26届，欢迎跨国公司积极参展参会。（证券时报）,https://wallstreetcn.com/livenews/3138720,M002,稳妥有序深化增值电信、生物技术、外商独资医院和职业技能培训机构等领域的开放试点,稳妥有序深化增值电信、生物技术、外商独资医院和职业技能培训机构等领域的开放试点,False,False,True,,计算机|医药生物|社会服务,industry,0.95,政策直接放宽增值电信、生物技术、外商独资医院和职业技能培训等领域的准入限制，直接改变相关行业的供给约束和竞争格局。这些领域分别对应计算机、医药生物和社会服务行业，属于特定行业监管与开放政策。,,,,,,,
13,3138720,贸易与外部冲击,2026-07-23T15:51:33+08:00,华尔街见闻-7x24快讯,商务部：将加快修订出台关于外国投资者并购境内企业的规定,商务部外国投资管理司司长孟华婷在新闻发布会上表示，下半年，将继续围绕利用外资固稳促优目标，进一步塑造吸引外资新优势，做好扩增量、稳存量、提质量各项工作。在扩增量方面，将继续实施高水平对外开放，稳妥有序深化增值电信、生物技术、外商独资医院和职业技能培训机构等领域的开放试点，支持北京市提升国家服务业综合示范区建设水平，还将加快修订出台关于外国投资者并购境内企业的规定。将持续打造“投资中国”品牌，精心设计一系列投资促进活动。中国国际投资贸易洽谈会是“投资中国”的标志性展会，今年将举办第26届，欢迎跨国公司积极参展参会。（证券时报）,https://wallstreetcn.com/livenews/3138720,M003,支持北京市提升国家服务业综合示范区建设水平,支持北京市提升国家服务业综合示范区建设水平,False,False,False,,,none,0.95,该政策针对北京市特定区域的服务业示范区建设，属于区域性产业支持措施，未直接改变全市场共同定价环境，也未明确指向特定行业或风格因子的系统性相对差异。,,,,,,,
14,3140864,财政与税收,2026-07-28T16:03:45+08:00,华尔街见闻-7x24快讯,两部门：调整部分能源资源行业企业城镇土地使用税政策,财政部、税务总局发布关于调整部分能源资源行业企业城镇土地使用税政策的公告：一、对按《国家税务局关于电力行业征免土地使用税问题的规定》〔（89）国税地字第013号〕等文件（具体见附件）规定减免城镇土地使用税的土地，自2026年9月1日至2027年8月31日，按应纳税额减半征收城镇土地使用税；自2027年9月1日起，全额征收城镇土地使用税，（89）国税地字第013号等文件同时废止。,https://wallstreetcn.com/livenews/3140864,M001,对符合条件的能源资源行业企业土地，在2026年9月1日至2027年8月31日期间按应纳税额减半征收城镇土地使用税。,自2026年9月1日至2027年8月31日，按应纳税额减半征收城镇土地使用税,False,False,True,,煤炭|石油石化|有色金属,industry,0.95,该政策直接针对能源资源行业企业实施土地税减半征收，通过降低特定行业的运营成本直接影响其盈利预期。政策对象明确限定为部分能源资源企业，未涉及全市场流动性或系统性制度变更，也不构成跨风格因子的普遍性差异。,,,,,,,
14,3140864,财政与税收,2026-07-28T16:03:45+08:00,华尔街见闻-7x24快讯,两部门：调整部分能源资源行业企业城镇土地使用税政策,财政部、税务总局发布关于调整部分能源资源行业企业城镇土地使用税政策的公告：一、对按《国家税务局关于电力行业征免土地使用税问题的规定》〔（89）国税地字第013号〕等文件（具体见附件）规定减免城镇土地使用税的土地，自2026年9月1日至2027年8月31日，按应纳税额减半征收城镇土地使用税；自2027年9月1日起，全额征收城镇土地使用税，（89）国税地字第013号等文件同时废止。,https://wallstreetcn.com/livenews/3140864,M002,自2027年9月1日起，对前述企业土地全额征收城镇土地使用税，并废止相关旧文件。,自2027年9月1日起，全额征收城镇土地使用税，（89）国税地字第013号等文件同时废止,False,False,True,,石油石化|煤炭|有色金属,industry,0.95,该政策直接针对能源资源行业特定企业的土地税收优惠进行取消，将增加相关企业的运营成本并改变其盈利预期。由于政策明确指向能源资源领域的特定企业，属于行业层面的供给与成本约束调整，而非全市场或风格因子的系统性变化。,,,,,,,
15,3142203,房地产,2026-07-30T14:37:22+08:00,华尔街见闻-7x24快讯,中共中央政治局会议：深化资本市场投融资综合改革，提升资本市场韧性和信心,会议强调，要切实筑牢安全屏障。稳定房地产市场，实施好一揽子化债方案，扎实推进地方中小金融机构改革化险、减量提质。深化资本市场投融资综合改革，提升资本市场韧性和信心。深入排查整治各类风险隐患，坚决遏制重特大事故发生。加强对病险水库、江河堤防、山洪和地质灾害危险区、城市低洼易涝点等隐患排查治理，扎实做好防汛应急抢险救灾各项工作，全力维护人民群众生命财产安全。（新华社）,https://wallstreetcn.com/livenews/3142203,M001,实施一揽子化债方案以稳定房地产市场并推进地方中小金融机构改革化险,实施好一揽子化债方案，扎实推进地方中小金融机构改革化险、减量提质,True,True,True,quality|liquidity|volatility,房地产|银行,multiple,0.9,该政策通过化债和金融机构改革直接降低系统性金融风险，改善全市场流动性与风险偏好，属于全市场共同环境变化。同时，风险出清将显著提升高质量、高流动性资产的相对吸引力，并对房地产和银行板块产生直接的供需与监管约束变化。,,,,,,,
15,3142203,房地产,2026-07-30T14:37:22+08:00,华尔街见闻-7x24快讯,中共中央政治局会议：深化资本市场投融资综合改革，提升资本市场韧性和信心,会议强调，要切实筑牢安全屏障。稳定房地产市场，实施好一揽子化债方案，扎实推进地方中小金融机构改革化险、减量提质。深化资本市场投融资综合改革，提升资本市场韧性和信心。深入排查整治各类风险隐患，坚决遏制重特大事故发生。加强对病险水库、江河堤防、山洪和地质灾害危险区、城市低洼易涝点等隐患排查治理，扎实做好防汛应急抢险救灾各项工作，全力维护人民群众生命财产安全。（新华社）,https://wallstreetcn.com/livenews/3142203,M002,深化资本市场投融资综合改革以提升市场韧性和信心,深化资本市场投融资综合改革，提升资本市场韧性和信心,True,False,False,,,all_a,0.9,该政策直接针对资本市场投融资制度进行综合改革，属于改变全市场交易制度与流动性的系统性举措，将直接影响A股全市场的共同定价环境与投资者信心。,,,,,,,
16,3145881,消费与民生,2026-08-06T15:06:56+08:00,华尔街见闻-7x24快讯,工信部：到2030年，形成3~5家具有较强国际运营能力的大型民爆企业集团,工业和信息化部印发《民用爆炸物品行业安全发展“十五五”规划》提出，到2030年，民爆行业安全水平进一步提高，创新能力持续增强，民用爆炸物品供给能力稳步提升，产业结构、产品结构、产能布局更加优化，治理效能进一步提高，企业经营效益稳中有进。安全基础更加巩固。企业全员安全生产责任制有效落实，安全生产投入得到有力保障，职工教育培训力度加大，现场安全管理水平显著提高，先进设备加快应用，本质安全水平大幅提升，行业安全监管持续加强，重特大生产安全事故得到有效遏制。,https://wallstreetcn.com/livenews/3145881,M001,通过“十五五”规划引导民爆行业整合，目标到2030年形成3~5家具有较强国际运营能力的大型企业集团。,工业和信息化部印发《民用爆炸物品行业安全发展“十五五”规划》提出，到2030年，民爆行业安全水平进一步提高，创新能力持续增强，民用爆炸物品供给能力稳步提升，产业结构、产品结构、产能布局更加优化，治理效能进一步提高，企业经营效益稳中有进。,False,False,True,,国防军工,industry,0.9,该政策直接针对民爆行业（属于国防军工一级行业）的产业结构与产能布局进行引导，旨在推动行业整合与规模化发展，直接改变该行业的供给与竞争格局。,,,,,,,
16,3145881,消费与民生,2026-08-06T15:06:56+08:00,华尔街见闻-7x24快讯,工信部：到2030年，形成3~5家具有较强国际运营能力的大型民爆企业集团,工业和信息化部印发《民用爆炸物品行业安全发展“十五五”规划》提出，到2030年，民爆行业安全水平进一步提高，创新能力持续增强，民用爆炸物品供给能力稳步提升，产业结构、产品结构、产能布局更加优化，治理效能进一步提高，企业经营效益稳中有进。安全基础更加巩固。企业全员安全生产责任制有效落实，安全生产投入得到有力保障，职工教育培训力度加大，现场安全管理水平显著提高，先进设备加快应用，本质安全水平大幅提升，行业安全监管持续加强，重特大生产安全事故得到有效遏制。,https://wallstreetcn.com/livenews/3145881,M002,落实企业全员安全生产责任制，加大安全生产投入与职工教育培训，提升现场安全管理水平。,企业全员安全生产责任制有效落实，安全生产投入得到有力保障，职工教育培训力度加大，现场安全管理水平显著提高，先进设备加快应用，本质安全水平大幅提升,False,False,True,,国防军工,industry,0.9,该政策直接针对民爆行业（属于国防军工一级行业）的企业，通过强制落实安全生产责任制和增加投入，直接改变该行业的供给约束和运营成本结构。政策未涉及全市场流动性或跨风格因子的系统性定价变化，仅聚焦于特定行业的合规与整合。,,,,,,,
16,3145881,消费与民生,2026-08-06T15:06:56+08:00,华尔街见闻-7x24快讯,工信部：到2030年，形成3~5家具有较强国际运营能力的大型民爆企业集团,工业和信息化部印发《民用爆炸物品行业安全发展“十五五”规划》提出，到2030年，民爆行业安全水平进一步提高，创新能力持续增强，民用爆炸物品供给能力稳步提升，产业结构、产品结构、产能布局更加优化，治理效能进一步提高，企业经营效益稳中有进。安全基础更加巩固。企业全员安全生产责任制有效落实，安全生产投入得到有力保障，职工教育培训力度加大，现场安全管理水平显著提高，先进设备加快应用，本质安全水平大幅提升，行业安全监管持续加强，重特大生产安全事故得到有效遏制。,https://wallstreetcn.com/livenews/3145881,M003,加强行业安全监管，遏制重特大生产安全事故。,行业安全监管持续加强，重特大生产安全事故得到有效遏制,False,False,True,,国防军工,industry,0.9,该政策直接针对民爆行业（国防军工一级行业）实施安全监管与行业整合，改变该行业的供给格局与合规成本。政策未涉及全市场流动性或跨风格因子的系统性定价调整。,,,,,,,
17,3140281,科技与制造,2026-07-27T19:23:55+08:00,华尔街见闻-7x24快讯,工信部：加快编制出台智能网联新能源汽车产业发展“十五五”规划,工业和信息化部装备工业一司司长郭守刚在2026世界智能网联汽车大会媒体圆桌会上介绍了我国智能网联汽车产业发展情况。下一步，工信部将加快编制出台智能网联新能源汽车产业发展“十五五”规划，深入贯彻落实《国家标准化发展纲要》，加快突破一批关键核心技术，加速重点标准研制、国际协调和贯彻实施，深入推进“车路云一体化”应用试点、生产准入和上路通行试点，推动建立贯通全产业链的生态体系。（澎湃）,https://wallstreetcn.com/livenews/3140281,M001,加快编制出台智能网联新能源汽车产业发展“十五五”规划,工信部将加快编制出台智能网联新能源汽车产业发展“十五五”规划,False,False,True,,汽车|电子|电力设备,industry,0.95,该政策直接针对智能网联新能源汽车产业的中长期发展进行规划，明确影响汽车、电子及电力设备等行业的需求与供给路径。,,,,,,,
17,3140281,科技与制造,2026-07-27T19:23:55+08:00,华尔街见闻-7x24快讯,工信部：加快编制出台智能网联新能源汽车产业发展“十五五”规划,工业和信息化部装备工业一司司长郭守刚在2026世界智能网联汽车大会媒体圆桌会上介绍了我国智能网联汽车产业发展情况。下一步，工信部将加快编制出台智能网联新能源汽车产业发展“十五五”规划，深入贯彻落实《国家标准化发展纲要》，加快突破一批关键核心技术，加速重点标准研制、国际协调和贯彻实施，深入推进“车路云一体化”应用试点、生产准入和上路通行试点，推动建立贯通全产业链的生态体系。（澎湃）,https://wallstreetcn.com/livenews/3140281,M002,深入推进“车路云一体化”应用试点、生产准入和上路通行试点,深入推进“车路云一体化”应用试点、生产准入和上路通行试点,False,False,True,,汽车|电子|通信,industry,0.95,该政策直接针对智能网联新能源汽车产业，通过扩大“车路云一体化”试点加速技术落地与商业化，直接改变汽车、电子及通信行业的需求、供给与技术约束。政策未涉及全市场流动性或系统性制度变更，也未明确指向特定风格因子的相对收益差异。,,,,,,,
18,3138642,资本市场制度,2026-07-23T14:06:46+08:00,华尔街见闻-7x24快讯,香港与马来西亚扩大资本市场跨境准入 推进双重上市与基金互认,香港与马来西亚将携手扩大资本市场准入，深化两地市场的跨境参与，以吸引更多国际投资。香港证监会与马来西亚证券事务监察委员会周四签署协议，简化首次公开招股(IPO)双重上市框架。双方同时同意扩大基金互认安排下的合资格产品范围，尤其是涵盖非伊斯兰交易所买卖基金（ETF）和房地产投资信托基金（REIT），并允许符合资格的基金在两地市场互挂上市。（彭博）,https://wallstreetcn.com/livenews/3138642,M001,简化首次公开招股（IPO）双重上市框架,简化首次公开招股(IPO)双重上市框架,True,False,False,,,all_a,0.9,该政策简化跨境双重上市框架，直接改变A股跨境资金准入与上市制度环境，属于全市场共同定价环境的调整。,,,,,,,
18,3138642,资本市场制度,2026-07-23T14:06:46+08:00,华尔街见闻-7x24快讯,香港与马来西亚扩大资本市场跨境准入 推进双重上市与基金互认,香港与马来西亚将携手扩大资本市场准入，深化两地市场的跨境参与，以吸引更多国际投资。香港证监会与马来西亚证券事务监察委员会周四签署协议，简化首次公开招股(IPO)双重上市框架。双方同时同意扩大基金互认安排下的合资格产品范围，尤其是涵盖非伊斯兰交易所买卖基金（ETF）和房地产投资信托基金（REIT），并允许符合资格的基金在两地市场互挂上市。（彭博）,https://wallstreetcn.com/livenews/3138642,M002,扩大基金互认安排下的合资格产品范围并允许互挂上市,扩大基金互认安排下的合资格产品范围，尤其是涵盖非伊斯兰交易所买卖基金（ETF）和房地产投资信托基金（REIT），并允许符合资格的基金在两地市场互挂上市,True,False,False,,,all_a,0.9,该政策通过扩大跨境基金互认及允许互挂上市，直接增加了进入A股市场的境外资金渠道与流动性，改变了全市场的共同定价环境。这属于跨境资金准入的实质性制度优化，而非针对特定行业或风格因子的调整。,,,,,,,
19,3142736,能源与环保,2026-07-31T08:11:29+08:00,华尔街见闻-7x24快讯,工信部印发《工业绿色低碳发展“十五五”规划》,工业和信息化部印发《工业绿色低碳发展“十五五”规划》，到2030年，产业结构和用能结构进一步优化，工业领域二氧化碳排放量达到峰值，能源资源利用效率稳步提升，绿色能源应用比例显著提高，绿色制造和服务体系更加完善，绿色低碳产业竞争优势巩固提升。,https://wallstreetcn.com/livenews/3142736,M001,工信部印发《工业绿色低碳发展“十五五”规划》，明确到2030年工业领域二氧化碳排放量达到峰值及优化产业结构和用能结构等目标。,工业和信息化部印发《工业绿色低碳发展“十五五”规划》，到2030年，产业结构和用能结构进一步优化，工业领域二氧化碳排放量达到峰值,False,False,True,,基础化工|钢铁|有色金属|电力设备|机械设备|公用事业|交通运输|建筑材料|建筑装饰|环保|煤炭|石油石化,industry,0.95,该规划直接针对工业领域的碳排放达峰和用能结构优化，将改变相关行业的供给约束、成本结构及产能布局。政策明确指向高耗能及高排放行业，直接触发对基础化工、钢铁、有色金属、电力设备、机械设备、公用事业、交通运输、建筑材料、建筑装饰、环保、煤炭、石油石化等行业的供需与监管环境变化。,,,,,,,
20,3138508,能源与环保,2026-07-23T09:14:03+08:00,华尔街见闻-7x24快讯,两部门：“十五五”时期全国海上风电新增开工规模1亿千瓦左右,国家发改委、国家能源局印发《可再生能源发展“十五五”规划》，其中提到，“十五五”时期，全国海上风电新增开工规模1亿千瓦左右，2030年累计装机规模达到1亿千瓦以上。持续加快近海海上风电建设。加快建设已复函省级海上风电项目。开展新一轮省级海上风电规划修订和评估。做好近海海上风电海缆路由路径优化。大力推进深远海海上风电基地布局建设。建立深远海海上风电基地项目库，做好用海等要素协同，分批推动基地项目规范有序建设。统筹推进源网工程规划建设，推动海底输电廊道和登陆点集约共享。,https://wallstreetcn.com/livenews/3138508,M001,设定“十五五”期间全国海上风电新增开工规模及2030年累计装机规模目标,“十五五”时期，全国海上风电新增开工规模1亿千瓦左右，2030年累计装机规模达到1亿千瓦以上,False,False,True,,电力设备,industry,0.95,该政策直接设定海上风电新增开工与装机规模目标，明确改变电力设备行业中风电细分领域的投资需求与建设节奏。,,,,,,,
20,3138508,能源与环保,2026-07-23T09:14:03+08:00,华尔街见闻-7x24快讯,两部门：“十五五”时期全国海上风电新增开工规模1亿千瓦左右,国家发改委、国家能源局印发《可再生能源发展“十五五”规划》，其中提到，“十五五”时期，全国海上风电新增开工规模1亿千瓦左右，2030年累计装机规模达到1亿千瓦以上。持续加快近海海上风电建设。加快建设已复函省级海上风电项目。开展新一轮省级海上风电规划修订和评估。做好近海海上风电海缆路由路径优化。大力推进深远海海上风电基地布局建设。建立深远海海上风电基地项目库，做好用海等要素协同，分批推动基地项目规范有序建设。统筹推进源网工程规划建设，推动海底输电廊道和登陆点集约共享。,https://wallstreetcn.com/livenews/3138508,M002,加快近海海上风电项目建设及已复函项目落地,持续加快近海海上风电建设。加快建设已复函省级海上风电项目,False,False,True,,电力设备,industry,0.95,该政策直接针对海上风电项目的开工与建设进度进行行政推动，明确增加电力设备行业的需求与产能规划。政策未涉及全市场流动性或系统性风险，也未直接改变不同风格股票（如大小盘、价值成长）的相对估值逻辑。,,,,,,,
20,3138508,能源与环保,2026-07-23T09:14:03+08:00,华尔街见闻-7x24快讯,两部门：“十五五”时期全国海上风电新增开工规模1亿千瓦左右,国家发改委、国家能源局印发《可再生能源发展“十五五”规划》，其中提到，“十五五”时期，全国海上风电新增开工规模1亿千瓦左右，2030年累计装机规模达到1亿千瓦以上。持续加快近海海上风电建设。加快建设已复函省级海上风电项目。开展新一轮省级海上风电规划修订和评估。做好近海海上风电海缆路由路径优化。大力推进深远海海上风电基地布局建设。建立深远海海上风电基地项目库，做好用海等要素协同，分批推动基地项目规范有序建设。统筹推进源网工程规划建设，推动海底输电廊道和登陆点集约共享。,https://wallstreetcn.com/livenews/3138508,M003,开展新一轮省级海上风电规划修订和评估,开展新一轮省级海上风电规划修订和评估,False,False,True,,电力设备,industry,0.95,该政策直接针对海上风电项目的规划与开工规模，明确指向电力设备行业中的风电产业链需求扩张。政策通过优化区域产业布局直接改变该行业的供给与产能规划，不涉及全市场流动性或跨风格因子的系统性变化。,,,,,,,
20,3138508,能源与环保,2026-07-23T09:14:03+08:00,华尔街见闻-7x24快讯,两部门：“十五五”时期全国海上风电新增开工规模1亿千瓦左右,国家发改委、国家能源局印发《可再生能源发展“十五五”规划》，其中提到，“十五五”时期，全国海上风电新增开工规模1亿千瓦左右，2030年累计装机规模达到1亿千瓦以上。持续加快近海海上风电建设。加快建设已复函省级海上风电项目。开展新一轮省级海上风电规划修订和评估。做好近海海上风电海缆路由路径优化。大力推进深远海海上风电基地布局建设。建立深远海海上风电基地项目库，做好用海等要素协同，分批推动基地项目规范有序建设。统筹推进源网工程规划建设，推动海底输电廊道和登陆点集约共享。,https://wallstreetcn.com/livenews/3138508,M004,优化近海海上风电海缆路由路径,做好近海海上风电海缆路由路径优化,False,False,True,,电力设备,industry,0.95,该政策直接针对海上风电建设中的海缆路由路径进行优化，属于电力设备行业内的具体工程实施规范。其传导机制是通过提升工程建设效率与安全性，直接改变电力设备行业中风电海缆及相关建设环节的需求与供给条件。,,,,,,,
20,3138508,能源与环保,2026-07-23T09:14:03+08:00,华尔街见闻-7x24快讯,两部门：“十五五”时期全国海上风电新增开工规模1亿千瓦左右,国家发改委、国家能源局印发《可再生能源发展“十五五”规划》，其中提到，“十五五”时期，全国海上风电新增开工规模1亿千瓦左右，2030年累计装机规模达到1亿千瓦以上。持续加快近海海上风电建设。加快建设已复函省级海上风电项目。开展新一轮省级海上风电规划修订和评估。做好近海海上风电海缆路由路径优化。大力推进深远海海上风电基地布局建设。建立深远海海上风电基地项目库，做好用海等要素协同，分批推动基地项目规范有序建设。统筹推进源网工程规划建设，推动海底输电廊道和登陆点集约共享。,https://wallstreetcn.com/livenews/3138508,M005,推进深远海海上风电基地布局建设与项目库管理,大力推进深远海海上风电基地布局建设。建立深远海海上风电基地项目库，做好用海等要素协同，分批推动基地项目规范有序建设,False,False,True,,电力设备,industry,0.95,该政策直接针对海上风电基地的布局与建设，明确涉及电力设备行业的需求扩张与产能规划。政策通过建立项目库和要素协同，直接改变电力设备行业的供给约束与订单预期，属于特定行业层面的供给侧推动。,,,,,,,
20,3138508,能源与环保,2026-07-23T09:14:03+08:00,华尔街见闻-7x24快讯,两部门：“十五五”时期全国海上风电新增开工规模1亿千瓦左右,国家发改委、国家能源局印发《可再生能源发展“十五五”规划》，其中提到，“十五五”时期，全国海上风电新增开工规模1亿千瓦左右，2030年累计装机规模达到1亿千瓦以上。持续加快近海海上风电建设。加快建设已复函省级海上风电项目。开展新一轮省级海上风电规划修订和评估。做好近海海上风电海缆路由路径优化。大力推进深远海海上风电基地布局建设。建立深远海海上风电基地项目库，做好用海等要素协同，分批推动基地项目规范有序建设。统筹推进源网工程规划建设，推动海底输电廊道和登陆点集约共享。,https://wallstreetcn.com/livenews/3138508,M006,统筹源网工程规划建设及海底输电廊道共享,统筹推进源网工程规划建设，推动海底输电廊道和登陆点集约共享,False,False,True,,电力设备,industry,0.95,该政策直接针对海上风电项目的规划建设与海底输电廊道共享，明确指向电力设备行业的需求扩张与供给优化。通过提升电网接入效率，直接改变电力设备行业的产能利用与订单预期，不涉及全市场流动性或风格因子的系统性变化。,,,,,,,
21,3140770,综合政策,2026-07-28T14:03:01+08:00,华尔街见闻-7x24快讯,十一部门：未来五年基层中医药服务将提质升级，力争居民15分钟可达最近的医疗服务点获得中医药服务,国家中医药局、国家卫生健康委、国家发展改革委等11个部门日前联合印发《医疗卫生强基工程中医药行动方案》，旨在强化基层中医药服务供给，提升群众看中医的可及性与获得感。 方案提出服务网络优化完善行动、服务能力提质增效行动、基层人才扩容培优行动等7个具体行动、共25项重点任务。,https://wallstreetcn.com/livenews/3140770,M001,十一部门联合印发行动方案，部署基层中医药服务网络优化、能力提升及人才扩容等7项行动和25项任务，旨在提升服务可及性。,国家中医药局、国家卫生健康委、国家发展改革委等11个部门日前联合印发《医疗卫生强基工程中医药行动方案》，旨在强化基层中医药服务供给，提升群众看中医的可及性与获得感。,False,False,True,,医药生物,industry,0.95,该政策直接针对基层中医药服务网络优化与能力提升，明确增加医药生物行业（特别是中医药服务板块）的供给端需求与政策支持。政策未涉及全市场流动性、交易制度或跨风格因子的系统性变化，仅聚焦于特定行业的业务扩张。,,,,,,,
22,3145331,贸易与外部冲击,2026-08-05T18:06:07+08:00,华尔街见闻-7x24快讯,中国机电商会：支持商务部对相关产品启动对外贸易国家安全调查,中国机电产品进出口商会发布声明称，2026年8月5日，商务部发布公告，对相关进口打印复印办公设备启动对外贸易国家安全调查。中国机电商会高度关注，坚决支持商务部依法启动调查，评估相关进口对我对外贸易中国家安全利益的影响并视情出台必要措施。 中国机电商会注意到，近期美国联邦通信委员会和美国国土安全部出台系列涉华消极措施，包括多项限制性市场准入措施，性质极为恶劣。同时，美国政府泛化国家安全概念，甚至将木材等常规产品纳入232调查，并滥施关税。中国机电商会对此坚决反对。,https://wallstreetcn.com/livenews/3145331,M001,商务部对进口打印复印办公设备启动对外贸易国家安全调查，并视情出台必要措施。,商务部发布公告，对相关进口打印复印办公设备启动对外贸易国家安全调查。,False,False,True,,电子,industry,0.9,该政策直接针对进口打印复印办公设备启动国家安全调查，将直接影响电子行业中相关细分领域的供给、成本及竞争格局。此措施属于针对特定产品类别的监管约束，不改变全市场流动性或系统性风险，也不直接导致全市场风格因子的相对变化。,,,,,,,
23,3139361,财政与税收,2026-07-24T16:54:14+08:00,华尔街见闻-7x24快讯,明年起试点 挥发性有机物将全部纳入环保税征税范围,治理挥发性有机物，是近年来打好蓝天保卫战的重点和难点。财政部、税务总局、生态环境部近日联合发布通知，明确自2027年1月1日起开展征收挥发性有机物环境保护税试点，挥发性有机物将全部纳入征税范围。我国以绿色税制推动大气污染治理再进一程。（新华社）,https://wallstreetcn.com/livenews/3139361,M001,自2027年1月1日起将挥发性有机物全部纳入环境保护税征税范围并开展试点征收。,明确自2027年1月1日起开展征收挥发性有机物环境保护税试点，挥发性有机物将全部纳入征税范围,False,False,True,,环保|基础化工|石油石化,industry,0.95,该政策直接对挥发性有机物排放征收环保税，将显著增加化工、石油石化等排放行业的合规成本，并直接利好环保治理服务需求。此政策针对特定污染物，不改变全市场流动性或系统性风险，也不直接导致大小盘或价值成长等风格因子的系统性分化。,,,,,,,
24,3143225,房地产,2026-07-31T19:10:45+08:00,华尔街见闻-7x24快讯,国务院常务会议：审议通过《国务院关于修改〈住房公积金管理条例〉的决定（草案）》和《国务院关于修改和废止部分行政法规的决定（草案）》,会议审议通过《国务院关于修改〈住房公积金管理条例〉的决定（草案）》。会议指出，要更好发挥住房公积金功能作用，拓宽提取和使用范围，扩大制度覆盖面，更好满足居民多样化住房消费需求。,https://wallstreetcn.com/livenews/3143225,M001,修改《住房公积金管理条例》，拓宽提取和使用范围，扩大制度覆盖面。,会议指出，要更好发挥住房公积金功能作用，拓宽提取和使用范围，扩大制度覆盖面，更好满足居民多样化住房消费需求。,False,False,True,,房地产,industry,0.9,该政策直接调整住房公积金的提取与使用规则，旨在增加居民住房消费资金的可得性，直接作用于房地产行业的住房需求端。政策未涉及全市场流动性、交易制度或系统性风格因子的改变，仅针对特定行业需求进行调节。,,,,,,,
25,3138499,消费与民生,2026-07-23T09:04:55+08:00,华尔街见闻-7x24快讯,国家发展改革委、国家能源局印发 《可再生能源发展“十五五”规划》,其中提到，2030年，可再生能源消费总量达到18亿吨标准煤左右。2030年，可再生能源发电总装机达到35亿千瓦左右，年发电量达到6万亿千瓦时左右；风电和太阳能发电总装机达到28亿千瓦以上、装机占比超过50%，年发电量4万亿千瓦时以上，发电量占比达到30%。,https://wallstreetcn.com/livenews/3138499,M001,设定2030年可再生能源消费总量、发电装机及发电量目标，包括风电和太阳能装机占比及发电量占比要求。,2030年，可再生能源消费总量达到18亿吨标准煤左右。2030年，可再生能源发电总装机达到35亿千瓦左右，年发电量达到6万亿千瓦时左右；风电和太阳能发电总装机达到28亿千瓦以上、装机占比超过50%，年发电量4万亿千瓦时以上，发电量占比达到30%。,False,False,True,,电力设备|公用事业,industry,0.95,该规划直接设定了风电和太阳能的装机与发电量目标，明确引导电力设备（风机、光伏组件）及公用事业（发电运营）行业的投资与产能扩张。政策未涉及全市场流动性或系统性风险，也未直接改变不同风格股票间的相对估值逻辑。,,,,,,,
26,3145883,科技与制造,2026-08-06T15:07:29+08:00,华尔街见闻-7x24快讯,工信部：推广应用无人化生产线，原则上不再新建“一头多尾”、“多头一尾”工业炸药生产线,工业和信息化部印发《民用爆炸物品行业安全发展“十五五”规划》提出，提升本质安全水平。支持集约化生产，鼓励企业撤并生产厂点、拆除落后生产线，减少危险源点。鼓励加大安全生产投入，加快老旧设备设施升级改造和高风险工艺装备淘汰更新，鼓励本质安全型生产技术工艺装备应用，持续压减危险岗位操作人员数量。推广应用无人化生产线，原则上不再新建“一头多尾”、“多头一尾”工业炸药生产线。鼓励发展低感度民爆产品，推广安全性高的生产方式。,https://wallstreetcn.com/livenews/3145883,M001,支持工业炸药行业集约化生产，鼓励企业撤并厂点、拆除落后生产线并淘汰高风险工艺装备。,支持集约化生产，鼓励企业撤并生产厂点、拆除落后生产线，减少危险源点。鼓励加大安全生产投入，加快老旧设备设施升级改造和高风险工艺装备淘汰更新,False,False,True,,基础化工,industry,0.95,该政策直接针对民用爆炸物品生产企业，属于基础化工行业，通过淘汰落后产能和限制新建特定生产线改变行业供给约束。政策未涉及全市场流动性或系统性风险，也未明确导致不同风格股票间的相对估值差异。,,,,,,,
26,3145883,科技与制造,2026-08-06T15:07:29+08:00,华尔街见闻-7x24快讯,工信部：推广应用无人化生产线，原则上不再新建“一头多尾”、“多头一尾”工业炸药生产线,工业和信息化部印发《民用爆炸物品行业安全发展“十五五”规划》提出，提升本质安全水平。支持集约化生产，鼓励企业撤并生产厂点、拆除落后生产线，减少危险源点。鼓励加大安全生产投入，加快老旧设备设施升级改造和高风险工艺装备淘汰更新，鼓励本质安全型生产技术工艺装备应用，持续压减危险岗位操作人员数量。推广应用无人化生产线，原则上不再新建“一头多尾”、“多头一尾”工业炸药生产线。鼓励发展低感度民爆产品，推广安全性高的生产方式。,https://wallstreetcn.com/livenews/3145883,M002,推广应用无人化生产线，原则上不再新建“一头多尾”、“多头一尾”工业炸药生产线。,推广应用无人化生产线，原则上不再新建“一头多尾”、“多头一尾”工业炸药生产线。,False,False,True,,基础化工,industry,0.95,该政策直接限制工业炸药生产线的建设并推广无人化技术，直接改变基础化工行业中特定细分领域的供给约束和资本开支方向。,,,,,,,
27,3138876,资本市场制度,2026-07-23T20:15:42+08:00,华尔街见闻-7x24快讯,证监会：依法严查严处财务造假、内幕交易、操纵市场等违法违规行为,中国证监会召开党的建设暨监管工作座谈会。会议强调，坚持打大打恶打重点，提高监管执法质效，依法严查严处财务造假、内幕交易、操纵市场等违法违规行为，加强新型业务监管，推进人工智能在监管中的应用；扶优限劣促进上市公司做优做强。进一步夯实财务造假综合惩防体系，更大力度推动上市公司规范治理，持续释放并购重组活力，推出更多典型案例。,https://wallstreetcn.com/livenews/3138876,M001,依法严查严处财务造假、内幕交易、操纵市场等违法违规行为,依法严查严处财务造假、内幕交易、操纵市场等违法违规行为,False,True,False,quality|liquidity,,style,0.9,严查财务造假和操纵市场等违法行为将直接提升上市公司整体质量，使高质量龙头公司相对低质量公司获得估值溢价。同时，打击操纵市场有助于修复市场流动性结构，使高流动性股票相对低流动性股票受益。,,,,,,,
27,3138876,资本市场制度,2026-07-23T20:15:42+08:00,华尔街见闻-7x24快讯,证监会：依法严查严处财务造假、内幕交易、操纵市场等违法违规行为,中国证监会召开党的建设暨监管工作座谈会。会议强调，坚持打大打恶打重点，提高监管执法质效，依法严查严处财务造假、内幕交易、操纵市场等违法违规行为，加强新型业务监管，推进人工智能在监管中的应用；扶优限劣促进上市公司做优做强。进一步夯实财务造假综合惩防体系，更大力度推动上市公司规范治理，持续释放并购重组活力，推出更多典型案例。,https://wallstreetcn.com/livenews/3138876,M002,加强新型业务监管并推进人工智能在监管中的应用,加强新型业务监管，推进人工智能在监管中的应用,False,False,False,,,none,0.9,该措施聚焦于特定新型业务的监管手段升级，未直接改变全市场流动性、交易成本或系统性定价环境，因此不触发all_a。同时，政策未明确针对特定行业供需或特定股票特征（如大小盘、价值成长）产生系统性差异，故不标记style或industry。,,,,,,,
27,3138876,资本市场制度,2026-07-23T20:15:42+08:00,华尔街见闻-7x24快讯,证监会：依法严查严处财务造假、内幕交易、操纵市场等违法违规行为,中国证监会召开党的建设暨监管工作座谈会。会议强调，坚持打大打恶打重点，提高监管执法质效，依法严查严处财务造假、内幕交易、操纵市场等违法违规行为，加强新型业务监管，推进人工智能在监管中的应用；扶优限劣促进上市公司做优做强。进一步夯实财务造假综合惩防体系，更大力度推动上市公司规范治理，持续释放并购重组活力，推出更多典型案例。,https://wallstreetcn.com/livenews/3138876,M003,夯实财务造假综合惩防体系，推动上市公司规范治理,进一步夯实财务造假综合惩防体系，更大力度推动上市公司规范治理,False,True,False,quality,,style,0.9,该政策通过严查财务造假和推动规范治理，直接提升上市公司整体质量，导致高质量龙头公司与低质量公司之间的估值和表现出现系统性分化。这种机制主要作用于股票的质量因子，而非全市场流动性或特定行业供需。,,,,,,,
27,3138876,资本市场制度,2026-07-23T20:15:42+08:00,华尔街见闻-7x24快讯,证监会：依法严查严处财务造假、内幕交易、操纵市场等违法违规行为,中国证监会召开党的建设暨监管工作座谈会。会议强调，坚持打大打恶打重点，提高监管执法质效，依法严查严处财务造假、内幕交易、操纵市场等违法违规行为，加强新型业务监管，推进人工智能在监管中的应用；扶优限劣促进上市公司做优做强。进一步夯实财务造假综合惩防体系，更大力度推动上市公司规范治理，持续释放并购重组活力，推出更多典型案例。,https://wallstreetcn.com/livenews/3138876,M004,持续释放并购重组活力,持续释放并购重组活力,False,True,False,quality|liquidity,,style,0.85,政策明确针对并购重组活动，直接改变市场融资与整合机制。该机制对具备优质资产和整合能力的龙头企业（高质量）以及流动性较好的公司产生相对正向影响，而对低质量或流动性差的标的构成出清压力，从而引发风格分化。,,,,,,,
28,3141556,能源与环保,2026-07-29T15:51:47+08:00,华尔街见闻-7x24快讯,多部门联合发布《国家应对气候变化“十五五”规划》,生态环境部、外交部、国家发展改革委等部门联合印发的《国家应对气候变化“十五五”规划》29日对外发布，提出到2030年，单位国内生产总值二氧化碳排放较2025年降低17%。,https://wallstreetcn.com/livenews/3141556,M001,发布《国家应对气候变化“十五五”规划》，设定2030年单位GDP二氧化碳排放较2025年降低17%的约束性目标。,提出到2030年，单位国内生产总值二氧化碳排放较2025年降低17%,False,False,True,,电力设备|环保|公用事业,industry,0.9,该规划设定了具体的碳排放约束性目标，将直接改变电力设备、环保及公用事业等行业的供给约束、技术路线和成本结构。政策通过强制减排目标引导相关产业投资与产能调整，属于直接的行业供给侧政策。,,,,,,,
29,3140896,综合政策,2026-07-28T16:46:49+08:00,华尔街见闻-7x24快讯,生态环境部：推动建立生态环境损害赔偿制度规范体系,生态环境部法规与标准司司长赵柯28日在例行新闻发布会上表示，为落实生态环境法典规定，进一步推动受损生态环境得到有效修复，将开展以下工作：一是进一步加强立法，推进部门规章的研究编制，推动形成以生态环境法典为统领、相关配套制度为支撑的生态环境损害赔偿制度规范体系。二是加强鉴定评估技术保障，推动生态环境损害智能评估（e评估）系统建设，扩大智能评估应用覆盖面。三是进一步提升生态环境损害修复实效，健全“损害赔偿－生态修复－效果评估”全链条闭环管理模式。（上证报）,https://wallstreetcn.com/livenews/3140896,M001,推进部门规章研究编制，构建以生态环境法典为统领的损害赔偿制度规范体系,一是进一步加强立法，推进部门规章的研究编制，推动形成以生态环境法典为统领、相关配套制度为支撑的生态环境损害赔偿制度规范体系,False,False,True,,环保,industry,0.9,该政策直接针对生态环境损害赔偿制度进行立法和规章编制，明确约束环保行业的合规成本与运营规范。其传导机制直接作用于环保行业的供给端和监管约束，不直接改变全市场流动性或系统性风格因子。,,,,,,,
29,3140896,综合政策,2026-07-28T16:46:49+08:00,华尔街见闻-7x24快讯,生态环境部：推动建立生态环境损害赔偿制度规范体系,生态环境部法规与标准司司长赵柯28日在例行新闻发布会上表示，为落实生态环境法典规定，进一步推动受损生态环境得到有效修复，将开展以下工作：一是进一步加强立法，推进部门规章的研究编制，推动形成以生态环境法典为统领、相关配套制度为支撑的生态环境损害赔偿制度规范体系。二是加强鉴定评估技术保障，推动生态环境损害智能评估（e评估）系统建设，扩大智能评估应用覆盖面。三是进一步提升生态环境损害修复实效，健全“损害赔偿－生态修复－效果评估”全链条闭环管理模式。（上证报）,https://wallstreetcn.com/livenews/3140896,M002,推动生态环境损害智能评估系统建设并扩大应用覆盖面,二是加强鉴定评估技术保障，推动生态环境损害智能评估（e评估）系统建设，扩大智能评估应用覆盖面,False,False,True,,环保,industry,0.9,该政策直接针对生态环境损害智能评估系统的建设与推广，属于环保行业的技术规范与能力建设措施。其影响直接作用于环保行业的供给端（技术服务与设备）及监管约束，不直接改变全市场流动性或系统性风格因子。,,,,,,,
29,3140896,综合政策,2026-07-28T16:46:49+08:00,华尔街见闻-7x24快讯,生态环境部：推动建立生态环境损害赔偿制度规范体系,生态环境部法规与标准司司长赵柯28日在例行新闻发布会上表示，为落实生态环境法典规定，进一步推动受损生态环境得到有效修复，将开展以下工作：一是进一步加强立法，推进部门规章的研究编制，推动形成以生态环境法典为统领、相关配套制度为支撑的生态环境损害赔偿制度规范体系。二是加强鉴定评估技术保障，推动生态环境损害智能评估（e评估）系统建设，扩大智能评估应用覆盖面。三是进一步提升生态环境损害修复实效，健全“损害赔偿－生态修复－效果评估”全链条闭环管理模式。（上证报）,https://wallstreetcn.com/livenews/3140896,M003,健全损害赔偿、生态修复与效果评估的全链条闭环管理模式,三是进一步提升生态环境损害修复实效，健全“损害赔偿－生态修复－效果评估”全链条闭环管理模式,False,False,True,,环保,industry,0.95,该政策直接针对生态环境损害赔偿与修复的全链条管理，明确规范环保行业的业务模式与监管要求。其传导机制在于通过制度完善直接改变环保行业的需求与供给约束，不直接涉及全市场流动性或跨风格因子差异。,,,,,,,
30,3141031,科技与制造,2026-07-28T20:50:07+08:00,华尔街见闻-7x24快讯,工信部：将会同相关部门加快编制发布汽车企业供应商货款支付规范指引,7月27日，工业和信息化部办公厅、装备工业一司组织召开媒体座谈会，通报推动重点汽车企业缩短供应商账期有关情况，邀请20家中央媒体、财经媒体和相关行业媒体记者担任首批“汽车行业账期问题监督员”。,https://wallstreetcn.com/livenews/3141031,M001,工信部推动重点汽车企业缩短供应商账期，并邀请媒体记者担任首批“汽车行业账期问题监督员”以加强监督。,通报推动重点汽车企业缩短供应商账期有关情况，邀请20家中央媒体、财经媒体和相关行业媒体记者担任首批“汽车行业账期问题监督员”,False,False,True,,汽车,industry,0.95,该政策直接针对汽车产业链中的重点企业和供应商，旨在规范货款支付周期，直接影响汽车行业的现金流、供应链成本及供需关系。政策未涉及全市场流动性或系统性风险，也未明确导致不同风格因子（如大小盘、价值成长）的相对变化。,,,,,,,
31,3145256,贸易与外部冲击,2026-08-05T16:02:03+08:00,华尔街见闻-7x24快讯,商务部：加强无人机相关两用物项对美国出口管制,根据《中华人民共和国出口管制法》和《中华人民共和国两用物项出口管制条例》等法律法规有关规定，为维护国家安全和利益、履行防扩散等国际义务，决定加强无人机相关两用物项对美国出口管制。现将有关事项公告如下：对列入《中华人民共和国两用物项出口管制清单》的无人机及其关键零部件、相关技术对美国出口，逐案从严审核，不适用许可便利措施。本公告自公布之日起正式实施。,https://wallstreetcn.com/livenews/3145256,M001,对列入清单的无人机及其关键零部件、相关技术对美出口实施逐案从严审核，取消许可便利措施,对列入《中华人民共和国两用物项出口管制清单》的无人机及其关键零部件、相关技术对美国出口，逐案从严审核，不适用许可便利措施,False,False,True,,国防军工,industry,0.95,该政策直接针对无人机及其关键零部件的出口实施管制，直接影响国防军工行业的供给约束和出口环境。由于仅涉及特定物项的对美出口限制，未改变全市场流动性或系统性风险，也不构成全市场风格因子的变化。,,,,,,,
32,3143511,财政与税收,2026-08-01T07:07:02+08:00,华尔街见闻-7x24快讯,历史性干预！报道称美国政府周五抛欧元来买日元,据知情人士透露，美国财政部周五对日元汇兑市场实施了干预，也是近30年来东京和华盛顿首次通过直接买入日元的方式联手撑日本货币。纽约联储代表美国财政部做出不寻常之举 —— 卖出欧元来买入日元。上述交易通过高盛和摩根士丹利操作。（英国金融时报）,https://wallstreetcn.com/livenews/3143511,M001,美国财政部通过纽约联储干预外汇市场，卖出欧元买入日元以支撑日元汇率,美国财政部周五对日元汇兑市场实施了干预，也是近30年来东京和华盛顿首次通过直接买入日元的方式联手撑日本货币。纽约联储代表美国财政部做出不寻常之举 —— 卖出欧元来买入日元。,True,False,False,,,all_a,0.85,美国财政部直接干预外汇市场买卖欧元和日元，属于全球主要央行的正式政策决定，将通过全球汇率、流动性及风险偏好传导至A股共同定价环境。该操作改变了跨境资金流动的预期和全球风险资产定价基准，符合全市场共同环境变化的定义。,,,,,,,
33,3143342,房地产,2026-07-31T22:49:24+08:00,华尔街见闻-7x24快讯,国务院常务会议解读｜住房公积金将更好满足居民多样化住房消费需求,7月31日召开的国务院常务会议，审议通过《国务院关于修改〈住房公积金管理条例〉的决定（草案）》。 “住房公积金在促进住房消费、保障民生福祉方面的基础性作用将更加凸显。”清华大学房地产研究中心主任吴璟表示。,https://wallstreetcn.com/livenews/3143342,M001,国务院常务会议审议通过修改《住房公积金管理条例》的草案，以强化其在促进住房消费和保障民生方面的作用。,审议通过《国务院关于修改〈住房公积金管理条例〉的决定（草案）》,False,False,True,,房地产,industry,0.9,该政策直接修订《住房公积金管理条例》，旨在优化住房消费支持功能，直接改变房地产行业的融资约束和居民购房需求。此措施主要影响房地产行业的供需环境，未直接改变全市场流动性或系统性风格因子。,,,,,,,
34,3143231,综合政策,2026-07-31T19:13:46+08:00,华尔街见闻-7x24快讯,我国新核准8台核电机组，项目总投资超1700亿元,据新闻联播7月31日消息，当天召开的国务院常务会议决定核准辽宁庄河一期工程等四个核电项目。此次在国常会上获批的新项目包括浙江金七门核电二期工程（3、4号机组），广东太平岭核电三期工程（5、6号机组），辽宁庄河核电一期工程（1、2号机组），山东莱阳核电一期工程（1、2号机组），共计8台新机组。核电工程历来是扩大有效投资的重要拉动力，据估算，上述新项目的总投资将超过1700亿元。（澎湃）,https://wallstreetcn.com/livenews/3143231,M001,国务院常务会议核准辽宁庄河、浙江金七门、广东太平岭、山东莱阳四个核电项目（共8台机组）,当天召开的国务院常务会议决定核准辽宁庄河一期工程等四个核电项目。此次在国常会上获批的新项目包括浙江金七门核电二期工程（3、4号机组），广东太平岭核电三期工程（5、6号机组），辽宁庄河核电一期工程（1、2号机组），山东莱阳核电一期工程（1、2号机组），共计8台新机组。,False,False,True,,电力设备|公用事业,industry,0.95,国务院核准新建核电机组直接增加电力设备（核电设备）的订单需求，并提升公用事业（核电运营）的长期装机规模与现金流预期。该政策针对特定行业项目审批，不直接改变全市场流动性或系统性风险环境，亦未引发跨风格因子的系统性重估。,,,,,,,
35,3143349,科技与制造,2026-07-31T23:02:11+08:00,华尔街见闻-7x24快讯,欧盟宣布扩大实施《人工智能法》,欧盟委员会31日宣布，欧盟将自8月2日起扩大《人工智能法》适用范围，开始执行透明度规则和针对通用人工智能模型提供商的相关规则等。 欧盟委员会31日发布公报说，根据新的透明度规则，聊天机器人等交互式人工智能系统必须告知用户其正在与人工智能而非人类互动。利用人工智能生成或修改的图像、视频和音频等“深度伪造”内容必须作出标识。人工智能生成或修改的内容还须带有机器可读标记，以便易于识别。欧盟委员会说，这些规定旨在减少欺骗和操纵行为。,https://wallstreetcn.com/livenews/3143349,M001,欧盟扩大《人工智能法》适用范围，强制交互式AI系统告知用户其非人类身份，并对深度伪造内容实施标识和机器可读标记要求。,欧盟将自8月2日起扩大《人工智能法》适用范围，开始执行透明度规则和针对通用人工智能模型提供商的相关规则等,False,False,True,,计算机|传媒,industry,0.9,欧盟《人工智能法》扩大适用范围直接约束通用人工智能模型提供商及交互式系统，涉及计算机与传媒行业的合规成本、产品披露及技术架构调整。该政策针对特定行业的技术运营规范，不直接改变A股全市场流动性或系统性风格因子。,,,,,,,
36,3143161,资本市场制度,2026-07-31T18:12:50+08:00,华尔街见闻-7x24快讯,证监会对广发证券股份有限公司采取出具警示函措施,证监会：经查，证监会发现广发证券股份有限公司存在质控部门独立性不足、项目收费不规范等问题，上述情况违反了《证券公司和证券投资基金管理公司合规管理办法》（以下称《合规办法》）第六条，《证券公司投资银行类业务内部控制指引》第五条、二十二条的规定。按照《合规办法》第三十二条的规定，证监会决定对公司采取出具警示函的行政监督管理措施。公司应加强对投资银行业务的内控管理，对相关责任人员进行内部问责。（证监会网站）,https://wallstreetcn.com/livenews/3143161,M001,证监会对广发证券采取出具警示函的行政监督管理措施,证监会决定对公司采取出具警示函的行政监督管理措施,False,False,False,,,none,0.95,该措施仅针对广发证券一家特定机构，属于个案监管，未改变全市场共同定价环境，也未系统性影响风格因子或行业供需。,,,,,,,
37,3144035,能源与环保,2026-08-03T16:41:30+08:00,华尔街见闻-7x24快讯,两部门：推动现役煤电机组实施宽负荷高效改造，低负荷运行工况的煤耗增幅控制在25%以内,国家发展改革委、国家能源局印发《新型电力系统建设“十五五”规划》。其中提出，推动现役煤电机组实施宽负荷高效改造，低负荷运行工况的煤耗增幅控制在25%以内。因地制宜推动实施燃煤机组全负荷脱硝改造。实施一批60万千瓦等级跨代升级改造项目。在具备条件的地区改造建设一批零碳低碳燃料掺烧和碳捕集利用及封存项目。制定煤电与新能源融合发展政策，支持在具备条件的地区优先实施一批煤电与新能源融合项目，实施煤电调节能力改造，推动煤电与新能源系统耦合集成，实现一体化调控送出，降低燃煤发电量。,https://wallstreetcn.com/livenews/3144035,M001,推动现役煤电机组实施宽负荷高效改造，控制低负荷煤耗增幅,推动现役煤电机组实施宽负荷高效改造，低负荷运行工况的煤耗增幅控制在25%以内,False,False,True,,电力设备|公用事业,industry,0.95,该政策直接针对现役煤电机组的宽负荷高效改造及运行工况提出具体技术指标，直接改变电力设备行业的技术需求与供给约束，并影响公用事业（电力）行业的运营成本与产能利用效率。,,,,,,,
37,3144035,能源与环保,2026-08-03T16:41:30+08:00,华尔街见闻-7x24快讯,两部门：推动现役煤电机组实施宽负荷高效改造，低负荷运行工况的煤耗增幅控制在25%以内,国家发展改革委、国家能源局印发《新型电力系统建设“十五五”规划》。其中提出，推动现役煤电机组实施宽负荷高效改造，低负荷运行工况的煤耗增幅控制在25%以内。因地制宜推动实施燃煤机组全负荷脱硝改造。实施一批60万千瓦等级跨代升级改造项目。在具备条件的地区改造建设一批零碳低碳燃料掺烧和碳捕集利用及封存项目。制定煤电与新能源融合发展政策，支持在具备条件的地区优先实施一批煤电与新能源融合项目，实施煤电调节能力改造，推动煤电与新能源系统耦合集成，实现一体化调控送出，降低燃煤发电量。,https://wallstreetcn.com/livenews/3144035,M002,因地制宜推动燃煤机组全负荷脱硝改造,因地制宜推动实施燃煤机组全负荷脱硝改造,False,False,True,,电力设备|公用事业,industry,0.9,该政策直接针对燃煤机组的脱硝改造与运行工况优化，明确影响电力设备制造商的订单需求及公用事业板块中火电企业的运营成本与合规约束。,,,,,,,
37,3144035,能源与环保,2026-08-03T16:41:30+08:00,华尔街见闻-7x24快讯,两部门：推动现役煤电机组实施宽负荷高效改造，低负荷运行工况的煤耗增幅控制在25%以内,国家发展改革委、国家能源局印发《新型电力系统建设“十五五”规划》。其中提出，推动现役煤电机组实施宽负荷高效改造，低负荷运行工况的煤耗增幅控制在25%以内。因地制宜推动实施燃煤机组全负荷脱硝改造。实施一批60万千瓦等级跨代升级改造项目。在具备条件的地区改造建设一批零碳低碳燃料掺烧和碳捕集利用及封存项目。制定煤电与新能源融合发展政策，支持在具备条件的地区优先实施一批煤电与新能源融合项目，实施煤电调节能力改造，推动煤电与新能源系统耦合集成，实现一体化调控送出，降低燃煤发电量。,https://wallstreetcn.com/livenews/3144035,M003,实施一批60万千瓦等级跨代升级改造项目,实施一批60万千瓦等级跨代升级改造项目,False,False,True,,电力设备|公用事业,industry,0.9,该政策直接针对煤电机组的跨代升级改造，直接增加电力设备（如锅炉、汽轮机、控制系统等）的更新改造需求。同时，改造后的机组将改变电力行业的供给结构与运营成本，直接影响公用事业板块的盈利预期。,,,,,,,
37,3144035,能源与环保,2026-08-03T16:41:30+08:00,华尔街见闻-7x24快讯,两部门：推动现役煤电机组实施宽负荷高效改造，低负荷运行工况的煤耗增幅控制在25%以内,国家发展改革委、国家能源局印发《新型电力系统建设“十五五”规划》。其中提出，推动现役煤电机组实施宽负荷高效改造，低负荷运行工况的煤耗增幅控制在25%以内。因地制宜推动实施燃煤机组全负荷脱硝改造。实施一批60万千瓦等级跨代升级改造项目。在具备条件的地区改造建设一批零碳低碳燃料掺烧和碳捕集利用及封存项目。制定煤电与新能源融合发展政策，支持在具备条件的地区优先实施一批煤电与新能源融合项目，实施煤电调节能力改造，推动煤电与新能源系统耦合集成，实现一体化调控送出，降低燃煤发电量。,https://wallstreetcn.com/livenews/3144035,M004,在具备条件的地区改造建设零碳低碳燃料掺烧和碳捕集利用及封存项目,在具备条件的地区改造建设一批零碳低碳燃料掺烧和碳捕集利用及封存项目,False,False,True,,电力设备|公用事业,industry,0.9,该政策直接针对煤电机组的宽负荷改造及碳捕集技术应用，直接改变电力设备行业的技术需求与供给，并影响公用事业（电力）行业的成本结构与产能约束。,,,,,,,
37,3144035,能源与环保,2026-08-03T16:41:30+08:00,华尔街见闻-7x24快讯,两部门：推动现役煤电机组实施宽负荷高效改造，低负荷运行工况的煤耗增幅控制在25%以内,国家发展改革委、国家能源局印发《新型电力系统建设“十五五”规划》。其中提出，推动现役煤电机组实施宽负荷高效改造，低负荷运行工况的煤耗增幅控制在25%以内。因地制宜推动实施燃煤机组全负荷脱硝改造。实施一批60万千瓦等级跨代升级改造项目。在具备条件的地区改造建设一批零碳低碳燃料掺烧和碳捕集利用及封存项目。制定煤电与新能源融合发展政策，支持在具备条件的地区优先实施一批煤电与新能源融合项目，实施煤电调节能力改造，推动煤电与新能源系统耦合集成，实现一体化调控送出，降低燃煤发电量。,https://wallstreetcn.com/livenews/3144035,M005,制定煤电与新能源融合发展政策，支持优先实施融合项目并实施调节能力改造,制定煤电与新能源融合发展政策，支持在具备条件的地区优先实施一批煤电与新能源融合项目，实施煤电调节能力改造，推动煤电与新能源系统耦合集成，实现一体化调控送出，降低燃煤发电量,False,False,True,,电力设备|公用事业,industry,0.9,该政策直接针对煤电与新能源融合项目及调节能力改造，明确涉及电力设备（改造设备）和公用事业（煤电运营）行业的供给与技术约束。政策通过推动系统耦合和降低燃煤发电量，直接改变这两个行业的需求结构和成本逻辑。,,,,,,,
38,3140154,综合政策,2026-07-27T16:22:38+08:00,华尔街见闻-7x24快讯,工业和信息化部印发《“小快轻准”数字化产品和服务培育指引（2026年版）》,其中提到，坚持需求牵引，实效导向。以中小企业数字化转型需求为导向，紧扣转型痛点，引导产品在小型化、快速化、轻量化、精准化等维度持续深耕，以优质供给推动中小企业主动转型、愿转敢转。坚持因地制宜，分类培育。鼓励地方立足重点行业中小企业数字化转型实际情况，因地制宜细化培育标准，建立分类分级培育体系，推动“小快轻准”数字化产品和服务持续迭代优化。坚持政府引导，多方联动。加强政策协同和资源统筹，加快构建多方参与、优势互补的中小企业数字化转型服务供给生态。,https://wallstreetcn.com/livenews/3140154,M001,工信部印发指引，引导数字化产品向小型化、快速化、轻量化、精准化方向深耕，以优质供给推动中小企业转型。,引导产品在小型化、快速化、轻量化、精准化等维度持续深耕，以优质供给推动中小企业主动转型、愿转敢转。,False,False,True,,计算机|电子,industry,0.9,该指引直接针对数字化产品与服务，明确指向计算机和电子行业的供给端优化与产品形态升级。政策通过引导产品向小型化、轻量化等维度发展，直接改变相关行业的供给结构和技术路径，而非全市场流动性或风格因子。,,,,,,,
38,3140154,综合政策,2026-07-27T16:22:38+08:00,华尔街见闻-7x24快讯,工业和信息化部印发《“小快轻准”数字化产品和服务培育指引（2026年版）》,其中提到，坚持需求牵引，实效导向。以中小企业数字化转型需求为导向，紧扣转型痛点，引导产品在小型化、快速化、轻量化、精准化等维度持续深耕，以优质供给推动中小企业主动转型、愿转敢转。坚持因地制宜，分类培育。鼓励地方立足重点行业中小企业数字化转型实际情况，因地制宜细化培育标准，建立分类分级培育体系，推动“小快轻准”数字化产品和服务持续迭代优化。坚持政府引导，多方联动。加强政策协同和资源统筹，加快构建多方参与、优势互补的中小企业数字化转型服务供给生态。,https://wallstreetcn.com/livenews/3140154,M002,鼓励地方建立分类分级培育体系，细化培育标准，推动“小快轻准”数字化产品和服务持续迭代优化。,鼓励地方立足重点行业中小企业数字化转型实际情况，因地制宜细化培育标准，建立分类分级培育体系，推动“小快轻准”数字化产品和服务持续迭代优化。,False,False,True,,计算机|电子,industry,0.9,该政策直接针对数字化产品和服务的培育，明确指向计算机和电子行业中的中小企业，旨在推动其数字化转型和产品迭代。政策通过建立分类分级体系影响特定行业的需求与供给，未涉及全市场流动性或系统性风格因子。,,,,,,,
38,3140154,综合政策,2026-07-27T16:22:38+08:00,华尔街见闻-7x24快讯,工业和信息化部印发《“小快轻准”数字化产品和服务培育指引（2026年版）》,其中提到，坚持需求牵引，实效导向。以中小企业数字化转型需求为导向，紧扣转型痛点，引导产品在小型化、快速化、轻量化、精准化等维度持续深耕，以优质供给推动中小企业主动转型、愿转敢转。坚持因地制宜，分类培育。鼓励地方立足重点行业中小企业数字化转型实际情况，因地制宜细化培育标准，建立分类分级培育体系，推动“小快轻准”数字化产品和服务持续迭代优化。坚持政府引导，多方联动。加强政策协同和资源统筹，加快构建多方参与、优势互补的中小企业数字化转型服务供给生态。,https://wallstreetcn.com/livenews/3140154,M003,加强政策协同和资源统筹，加快构建多方参与、优势互补的中小企业数字化转型服务供给生态。,加强政策协同和资源统筹，加快构建多方参与、优势互补的中小企业数字化转型服务供给生态。,False,False,True,,计算机|电子,industry,0.9,该政策直接针对中小企业数字化转型服务供给生态，明确利好提供数字化产品与服务的计算机及电子行业企业。政策通过构建服务生态直接改变相关行业的供给结构和市场需求，不涉及全市场共同定价环境或系统性风格因子变化。,,,,,,,
39,3143016,贸易与外部冲击,2026-07-31T15:20:52+08:00,华尔街见闻-7x24快讯,商务部：延长对原产于加拿大的进口豌豆淀粉反倾销调查期限,根据《中华人民共和国反倾销条例》的规定，2025年8月12日，商务部发布2025年第41号公告，决定对原产于加拿大的进口豌豆淀粉进行反倾销立案调查。 鉴于本案情况复杂，根据《中华人民共和国反倾销条例》第二十六条的规定，商务部决定将本案调查期延长至2027年2月12日。（商务部网站）,https://wallstreetcn.com/livenews/3143016,M001,延长对原产于加拿大的进口豌豆淀粉反倾销调查期限至2027年2月12日。,商务部决定将本案调查期延长至2027年2月12日,False,False,True,,农林牧渔,industry,0.95,该政策直接针对加拿大进口豌豆淀粉的反倾销调查，直接影响国内豌豆淀粉及相关农产品的进口供给与价格成本，属于对农林牧渔行业的直接监管约束。,,,,,,,
40,3143731,财政与税收,2026-08-03T02:40:18+08:00,华尔街见闻-7x24快讯,法国总理办公室针对外国投资制度发布声明：法国收紧关于非欧洲实体持股法国公司的制度。 非欧洲投资者若取得法国企业10%及以上股权，必须获得法国,法国总理办公室针对外国投资制度发布声明：法国收紧关于非欧洲实体持股法国公司的制度。 非欧洲投资者若取得法国企业10%及以上股权，必须获得法国财政部批准。,https://wallstreetcn.com/livenews/3143731,M001,非欧洲投资者取得法国企业10%及以上股权须获法国财政部批准,非欧洲投资者若取得法国企业10%及以上股权，必须获得法国财政部批准,False,False,False,,,none,0.95,该政策仅针对非欧洲实体投资法国企业的限制，属于法国国内监管措施，不直接改变A股全市场流动性、交易制度或系统性风险环境。同时，该政策未直接作用于A股特定行业的需求、供给或成本，也未引发A股内部风格因子的系统性相对差异。,,,,,,,
41,3140395,房地产,2026-07-27T22:31:57+08:00,华尔街见闻-7x24快讯,住建部：进一步加强城市桥梁安全管理工作,住房城乡建设部办公厅发布关于进一步加强城市桥梁安全管理工作的通知。通知提出，加强汛期桥梁安全管理。当前，全国已全面进入汛期，城市桥梁主管部门要加强与气象、水利、自然资源等部门协同联动，扎实做好极端天气以及涉水、涉地质灾害等风险提示及防范应对工作。重点聚焦桥梁基础冲刷、边坡稳定和畅通排水设施等，全面开展防汛安全风险隐患排查。主动协调河道管理部门，及时清理河道内堆积物及可能影响桥梁安全的大型漂流物，确保行洪畅通。强降雨期间，加密巡检频次，发现问题及时处置。降雨结束后，及时排查桥梁受损情况，尽快修复受损设施，总结防汛经验，完善应急预案。,https://wallstreetcn.com/livenews/3140395,M001,加强城市桥梁主管部门与气象、水利、自然资源等部门的协同联动，开展极端天气及地质灾害风险提示与防范应对。,城市桥梁主管部门要加强与气象、水利、自然资源等部门协同联动，扎实做好极端天气以及涉水、涉地质灾害等风险提示及防范应对工作。,False,False,True,,建筑装饰,industry,0.9,该政策直接针对城市桥梁这一基础设施的维护与管理，属于建筑装饰行业中的基础设施建设与维护范畴。政策要求加强跨部门协同以应对极端天气和地质灾害，直接改变了该细分领域的运营规范、成本结构及监管约束。,,,,,,,
41,3140395,房地产,2026-07-27T22:31:57+08:00,华尔街见闻-7x24快讯,住建部：进一步加强城市桥梁安全管理工作,住房城乡建设部办公厅发布关于进一步加强城市桥梁安全管理工作的通知。通知提出，加强汛期桥梁安全管理。当前，全国已全面进入汛期，城市桥梁主管部门要加强与气象、水利、自然资源等部门协同联动，扎实做好极端天气以及涉水、涉地质灾害等风险提示及防范应对工作。重点聚焦桥梁基础冲刷、边坡稳定和畅通排水设施等，全面开展防汛安全风险隐患排查。主动协调河道管理部门，及时清理河道内堆积物及可能影响桥梁安全的大型漂流物，确保行洪畅通。强降雨期间，加密巡检频次，发现问题及时处置。降雨结束后，及时排查桥梁受损情况，尽快修复受损设施，总结防汛经验，完善应急预案。,https://wallstreetcn.com/livenews/3140395,M002,全面开展桥梁基础冲刷、边坡稳定和排水设施等防汛安全风险隐患排查。,重点聚焦桥梁基础冲刷、边坡稳定和畅通排水设施等，全面开展防汛安全风险隐患排查。,False,False,True,,建筑装饰|建筑材料,industry,0.9,该政策直接针对城市桥梁基础设施的安全隐患排查，涉及建筑施工（建筑装饰）及水泥、钢材等原材料需求（建筑材料）。其传导机制为通过监管要求提升特定基建领域的维护与建设标准，直接影响相关行业的业务活动与成本结构。,,,,,,,
41,3140395,房地产,2026-07-27T22:31:57+08:00,华尔街见闻-7x24快讯,住建部：进一步加强城市桥梁安全管理工作,住房城乡建设部办公厅发布关于进一步加强城市桥梁安全管理工作的通知。通知提出，加强汛期桥梁安全管理。当前，全国已全面进入汛期，城市桥梁主管部门要加强与气象、水利、自然资源等部门协同联动，扎实做好极端天气以及涉水、涉地质灾害等风险提示及防范应对工作。重点聚焦桥梁基础冲刷、边坡稳定和畅通排水设施等，全面开展防汛安全风险隐患排查。主动协调河道管理部门，及时清理河道内堆积物及可能影响桥梁安全的大型漂流物，确保行洪畅通。强降雨期间，加密巡检频次，发现问题及时处置。降雨结束后，及时排查桥梁受损情况，尽快修复受损设施，总结防汛经验，完善应急预案。,https://wallstreetcn.com/livenews/3140395,M003,协调河道管理部门清理河道堆积物及影响桥梁安全的大型漂流物，确保行洪畅通。,主动协调河道管理部门，及时清理河道内堆积物及可能影响桥梁安全的大型漂流物，确保行洪畅通。,False,False,False,,,none,0.95,该措施属于城市基础设施运维的具体执行动作，旨在保障局部桥梁安全，不直接改变全市场流动性、交易制度或系统性风险环境。同时，该操作未对特定行业的供需、成本或产能产生普遍性影响，也不涉及股票风格因子的系统性重估。,,,,,,,
41,3140395,房地产,2026-07-27T22:31:57+08:00,华尔街见闻-7x24快讯,住建部：进一步加强城市桥梁安全管理工作,住房城乡建设部办公厅发布关于进一步加强城市桥梁安全管理工作的通知。通知提出，加强汛期桥梁安全管理。当前，全国已全面进入汛期，城市桥梁主管部门要加强与气象、水利、自然资源等部门协同联动，扎实做好极端天气以及涉水、涉地质灾害等风险提示及防范应对工作。重点聚焦桥梁基础冲刷、边坡稳定和畅通排水设施等，全面开展防汛安全风险隐患排查。主动协调河道管理部门，及时清理河道内堆积物及可能影响桥梁安全的大型漂流物，确保行洪畅通。强降雨期间，加密巡检频次，发现问题及时处置。降雨结束后，及时排查桥梁受损情况，尽快修复受损设施，总结防汛经验，完善应急预案。,https://wallstreetcn.com/livenews/3140395,M004,在强降雨期间加密桥梁巡检频次，发现问题及时处置。,强降雨期间，加密巡检频次，发现问题及时处置。,False,False,False,,,none,0.95,该措施属于针对特定基础设施（城市桥梁）的运营安全维护指令，旨在防范局部风险，不直接改变全市场流动性、交易制度或系统性风险定价环境。同时，该操作未对建筑装饰、建筑材料等行业的供需、成本或产能产生普遍性影响，也不涉及股票风格因子的系统性重估。,,,,,,,
41,3140395,房地产,2026-07-27T22:31:57+08:00,华尔街见闻-7x24快讯,住建部：进一步加强城市桥梁安全管理工作,住房城乡建设部办公厅发布关于进一步加强城市桥梁安全管理工作的通知。通知提出，加强汛期桥梁安全管理。当前，全国已全面进入汛期，城市桥梁主管部门要加强与气象、水利、自然资源等部门协同联动，扎实做好极端天气以及涉水、涉地质灾害等风险提示及防范应对工作。重点聚焦桥梁基础冲刷、边坡稳定和畅通排水设施等，全面开展防汛安全风险隐患排查。主动协调河道管理部门，及时清理河道内堆积物及可能影响桥梁安全的大型漂流物，确保行洪畅通。强降雨期间，加密巡检频次，发现问题及时处置。降雨结束后，及时排查桥梁受损情况，尽快修复受损设施，总结防汛经验，完善应急预案。,https://wallstreetcn.com/livenews/3140395,M005,降雨结束后排查桥梁受损情况，修复受损设施，总结防汛经验并完善应急预案。,降雨结束后，及时排查桥梁受损情况，尽快修复受损设施，总结防汛经验，完善应急预案。,False,False,True,,建筑装饰|建筑材料|公用事业,industry,0.85,该政策直接针对城市桥梁设施的修复与应急能力提升，直接增加建筑装饰（施工修复）和建筑材料（修复材料）的需求，并涉及公用事业（市政设施运营）的维护支出。,,,,,,,
42,3141822,消费与民生,2026-07-30T02:00:35+08:00,华尔街见闻-7x24快讯,美联储今年连续五次按兵不动，决议声明称：洛根等三人倾向于加息,美国联邦公开市场委员会（FOMC）以9票赞成、3票反对的结果批准发布以下声明： 为支持美联储的双重使命，委员会决定将联邦基金利率的目标区间维持在3.5%-3.75%不变。委员会将继续执行在银行体系中维持充裕准备金的政策。 尽管中东冲突等因素导致不确定性处于高位，美国经济活动仍以稳健的步伐扩张。生产率增长和资本投资表现强劲。新增就业与劳动力规模扩张保持同步，失业率变化不大。 通胀水平相对于委员会设定的2%目标仍然偏高，部分原因在于供应冲击推动了包括能源在内的某些行业价格上涨。委员会将致力于实现价格稳定。 反对本次货币政策行动的委员包括：贝丝·M·哈马克（Beth M. Hammack）、尼尔·卡什卡利（Neel Kashkari）和洛丽·K·洛根（Lorie K. Logan）。他们倾向于在本次会议上将联邦基金利率的目标区间上调25个基点（1/4个百分点）。,https://wallstreetcn.com/livenews/3141822,M001,维持联邦基金利率目标区间在3.5%-3.75%不变,委员会决定将联邦基金利率的目标区间维持在3.5%-3.75%不变,True,True,False,value_growth|liquidity,,multiple,0.9,美联储维持利率不变直接改变全球流动性与无风险利率环境，影响A股全市场估值定价（all_a）。利率高位维持使得长久期成长股与高股息价值股的估值相对差异显著，同时影响市场流动性偏好（style）。,,,,,,,
42,3141822,消费与民生,2026-07-30T02:00:35+08:00,华尔街见闻-7x24快讯,美联储今年连续五次按兵不动，决议声明称：洛根等三人倾向于加息,美国联邦公开市场委员会（FOMC）以9票赞成、3票反对的结果批准发布以下声明： 为支持美联储的双重使命，委员会决定将联邦基金利率的目标区间维持在3.5%-3.75%不变。委员会将继续执行在银行体系中维持充裕准备金的政策。 尽管中东冲突等因素导致不确定性处于高位，美国经济活动仍以稳健的步伐扩张。生产率增长和资本投资表现强劲。新增就业与劳动力规模扩张保持同步，失业率变化不大。 通胀水平相对于委员会设定的2%目标仍然偏高，部分原因在于供应冲击推动了包括能源在内的某些行业价格上涨。委员会将致力于实现价格稳定。 反对本次货币政策行动的委员包括：贝丝·M·哈马克（Beth M. Hammack）、尼尔·卡什卡利（Neel Kashkari）和洛丽·K·洛根（Lorie K. Logan）。他们倾向于在本次会议上将联邦基金利率的目标区间上调25个基点（1/4个百分点）。,https://wallstreetcn.com/livenews/3141822,M002,继续执行在银行体系中维持充裕准备金的政策,委员会将继续执行在银行体系中维持充裕准备金的政策,True,False,False,,,all_a,0.9,美联储维持充裕准备金政策直接决定全球美元流动性环境，通过汇率、无风险利率及风险偏好传导至A股全市场共同定价。该政策属于能够经全球流动性传导至A股共同定价环境的正式货币政策决定。,,,,,,,
43,3142350,科技与制造,2026-07-30T18:08:24+08:00,华尔街见闻-7x24快讯,工信部：废止和修订新能源汽车废旧动力电池“梯次利用”相关政策标准,工业和信息化部发布关于废止和修订新能源汽车废旧动力电池“梯次利用”相关政策标准以及规范有关行业活动的公告。废止《新能源汽车废旧动力电池综合利用行业规范条件》中“梯次利用”有关条款，不再开展“梯次利用”企业公告管理，将已公告的“梯次利用”企业移出符合新能源汽车废旧动力电池综合利用行业规范条件的企业名单，已公告的再生利用企业名单继续有效。,https://wallstreetcn.com/livenews/3142350,M001,废止《新能源汽车废旧动力电池综合利用行业规范条件》中“梯次利用”有关条款，停止开展“梯次利用”企业公告管理，并将已公告企业移出规范条件名单。,废止《新能源汽车废旧动力电池综合利用行业规范条件》中“梯次利用”有关条款，不再开展“梯次利用”企业公告管理，将已公告的“梯次利用”企业移出符合新能源汽车废旧动力电池综合利用行业规范条件的企业名单,False,False,True,,汽车|电力设备,industry,0.95,该政策直接废止并修订新能源汽车废旧动力电池“梯次利用”的行业规范条件，取消相关企业的公告管理资格，直接改变汽车及电力设备（电池回收）行业的供给约束与合规环境。,,,,,,,
43,3142350,科技与制造,2026-07-30T18:08:24+08:00,华尔街见闻-7x24快讯,工信部：废止和修订新能源汽车废旧动力电池“梯次利用”相关政策标准,工业和信息化部发布关于废止和修订新能源汽车废旧动力电池“梯次利用”相关政策标准以及规范有关行业活动的公告。废止《新能源汽车废旧动力电池综合利用行业规范条件》中“梯次利用”有关条款，不再开展“梯次利用”企业公告管理，将已公告的“梯次利用”企业移出符合新能源汽车废旧动力电池综合利用行业规范条件的企业名单，已公告的再生利用企业名单继续有效。,https://wallstreetcn.com/livenews/3142350,M002,确认已公告的再生利用企业名单继续有效，维持其规范条件资格。,已公告的再生利用企业名单继续有效,False,False,True,,汽车,industry,0.9,该政策直接针对新能源汽车废旧动力电池的梯次利用行业规范，明确维持已公告企业的资格，直接改变该细分领域的供给约束和监管环境。,,,,,,,
44,3139444,综合政策,2026-07-24T18:54:15+08:00,华尔街见闻-7x24快讯,交通运输部、国家发展改革委联合印发《关于深化综合交通运输体系改革的意见》,意见要求，强化综合交通运输规划统筹。加强综合交通运输规划编制跨部门协同。建立完善综合交通运输规划管理制度。强化综合交通运输规划与国家发展规划和其他国家级专项规划、区域规划的衔接，发挥国土空间规划指导约束作用，落实生态环境分区管控制度和环境影响评价制度。加强铁路、公路、水路、民航、邮政等规划与综合交通运输规划的全过程衔接。（交通运输部微信公号）,https://wallstreetcn.com/livenews/3139444,M001,强化综合交通运输规划统筹，加强跨部门协同并完善规划管理制度,强化综合交通运输规划统筹。加强综合交通运输规划编制跨部门协同。建立完善综合交通运输规划管理制度。,False,False,True,,交通运输,industry,0.9,该政策直接针对综合交通运输体系的规划编制与管理进行制度优化，直接改变交通运输行业的供给约束和运营环境。政策未涉及全市场流动性、交易成本或系统性风险，也未明确指向大小盘或价值成长等风格因子的相对变化。,,,,,,,
44,3139444,综合政策,2026-07-24T18:54:15+08:00,华尔街见闻-7x24快讯,交通运输部、国家发展改革委联合印发《关于深化综合交通运输体系改革的意见》,意见要求，强化综合交通运输规划统筹。加强综合交通运输规划编制跨部门协同。建立完善综合交通运输规划管理制度。强化综合交通运输规划与国家发展规划和其他国家级专项规划、区域规划的衔接，发挥国土空间规划指导约束作用，落实生态环境分区管控制度和环境影响评价制度。加强铁路、公路、水路、民航、邮政等规划与综合交通运输规划的全过程衔接。（交通运输部微信公号）,https://wallstreetcn.com/livenews/3139444,M002,强化综合交通运输规划与国家发展规划、区域规划及国土空间规划的衔接,强化综合交通运输规划与国家发展规划和其他国家级专项规划、区域规划的衔接，发挥国土空间规划指导约束作用，落实生态环境分区管控制度和环境影响评价制度。,False,False,True,,交通运输|公用事业|建筑装饰,industry,0.85,该政策直接规范交通运输、公用事业及建筑行业的规划衔接与生态约束，改变相关行业的供给约束和长期投资方向。其传导机制聚焦于特定行业的规划落地与合规要求，不直接改变全市场流动性或系统性风格因子。,,,,,,,
44,3139444,综合政策,2026-07-24T18:54:15+08:00,华尔街见闻-7x24快讯,交通运输部、国家发展改革委联合印发《关于深化综合交通运输体系改革的意见》,意见要求，强化综合交通运输规划统筹。加强综合交通运输规划编制跨部门协同。建立完善综合交通运输规划管理制度。强化综合交通运输规划与国家发展规划和其他国家级专项规划、区域规划的衔接，发挥国土空间规划指导约束作用，落实生态环境分区管控制度和环境影响评价制度。加强铁路、公路、水路、民航、邮政等规划与综合交通运输规划的全过程衔接。（交通运输部微信公号）,https://wallstreetcn.com/livenews/3139444,M003,加强铁路、公路、水路、民航、邮政等规划与综合交通运输规划的全过程衔接,加强铁路、公路、水路、民航、邮政等规划与综合交通运输规划的全过程衔接。,False,False,True,,交通运输,industry,0.95,该政策直接针对铁路、公路、水路、民航、邮政等交通领域的规划衔接，属于对交通运输行业的直接供给与规划约束调整，不直接改变全市场流动性或系统性风险，也未明确指向特定风格因子的相对变化。,,,,,,,
45,3144031,能源与环保,2026-08-03T16:36:35+08:00,华尔街见闻-7x24快讯,两部门：到2030年，生物质、光热、地热能、海洋能等发电装机达到6500万千瓦左右,国家发展改革委、国家能源局印发《新型电力系统建设“十五五”规划》。其中提出，推动光热发电规模化发展，因地制宜发展生物质和地热能发电，推进海洋能规模化利用。到2030年，生物质、光热、地热能、海洋能等发电装机达到6500万千瓦左右。,https://wallstreetcn.com/livenews/3144031,M001,设定2030年生物质、光热、地热能、海洋能等发电装机总目标为6500万千瓦左右,到2030年，生物质、光热、地热能、海洋能等发电装机达到6500万千瓦左右,False,False,True,,电力设备|公用事业,industry,0.95,该政策直接设定了生物质、光热、地热能及海洋能等特定发电技术的装机规模目标，将直接引导相关领域的投资与建设需求。这些技术主要涉及电力设备制造业及公用事业运营板块，属于明确的行业供给侧规划。,,,,,,,
45,3144031,能源与环保,2026-08-03T16:36:35+08:00,华尔街见闻-7x24快讯,两部门：到2030年，生物质、光热、地热能、海洋能等发电装机达到6500万千瓦左右,国家发展改革委、国家能源局印发《新型电力系统建设“十五五”规划》。其中提出，推动光热发电规模化发展，因地制宜发展生物质和地热能发电，推进海洋能规模化利用。到2030年，生物质、光热、地热能、海洋能等发电装机达到6500万千瓦左右。,https://wallstreetcn.com/livenews/3144031,M002,推动光热发电规模化发展,推动光热发电规模化发展,False,False,True,,电力设备,industry,0.95,该政策直接针对光热发电等特定发电技术的规模化发展，明确指向电力设备行业的需求与产能扩张。政策未涉及全市场流动性或系统性制度变化，也未明确导致不同风格因子（如大小盘、价值成长）的相对差异。,,,,,,,
45,3144031,能源与环保,2026-08-03T16:36:35+08:00,华尔街见闻-7x24快讯,两部门：到2030年，生物质、光热、地热能、海洋能等发电装机达到6500万千瓦左右,国家发展改革委、国家能源局印发《新型电力系统建设“十五五”规划》。其中提出，推动光热发电规模化发展，因地制宜发展生物质和地热能发电，推进海洋能规模化利用。到2030年，生物质、光热、地热能、海洋能等发电装机达到6500万千瓦左右。,https://wallstreetcn.com/livenews/3144031,M003,因地制宜发展生物质和地热能发电,因地制宜发展生物质和地热能发电,False,False,True,,电力设备|公用事业,industry,0.95,该政策直接针对生物质、光热、地热能等特定发电技术的装机目标，明确增加了电力设备（如相关发电设备）和公用事业（如绿色电力运营商）的需求与建设约束。,,,,,,,
45,3144031,能源与环保,2026-08-03T16:36:35+08:00,华尔街见闻-7x24快讯,两部门：到2030年，生物质、光热、地热能、海洋能等发电装机达到6500万千瓦左右,国家发展改革委、国家能源局印发《新型电力系统建设“十五五”规划》。其中提出，推动光热发电规模化发展，因地制宜发展生物质和地热能发电，推进海洋能规模化利用。到2030年，生物质、光热、地热能、海洋能等发电装机达到6500万千瓦左右。,https://wallstreetcn.com/livenews/3144031,M004,推进海洋能规模化利用,推进海洋能规模化利用,False,False,True,,电力设备,industry,0.95,该政策直接针对海洋能发电装机目标，明确指向电力设备行业中的新能源装备需求增长。政策通过推动特定能源形式的规模化利用，直接改变该细分领域的供给扩张预期，不涉及全市场流动性或风格因子变化。,,,,,,,
46,3139413,房地产,2026-07-24T18:07:58+08:00,华尔街见闻-7x24快讯,住房城乡建设部：进一步加强建筑市场监管,从住房城乡建设部获悉，为进一步夯实建筑市场经营主体责任，加强建筑市场监管，优化建筑市场环境，规范招标投标市场秩序，加快构建“宽进、严管、重处”建筑市场监管机制，住房城乡建设部近日印发通知，对建筑市场准入管理、建筑工程评标定标、建筑工程发包承包等方面工作提出具体要求。,https://wallstreetcn.com/livenews/3139413,M001,住房城乡建设部印发通知，对建筑市场准入管理、建筑工程评标定标、建筑工程发包承包等方面提出具体要求。,住房城乡建设部近日印发通知，对建筑市场准入管理、建筑工程评标定标、建筑工程发包承包等方面工作提出具体要求,False,False,True,,建筑装饰|建筑材料|房地产,industry,0.9,该政策直接针对建筑市场准入、评标及发包承包环节进行监管规范，直接影响建筑装饰、建筑材料及房地产行业的运营环境与竞争格局。,,,,,,,
47,3139337,财政与税收,2026-07-24T16:10:48+08:00,华尔街见闻-7x24快讯,两部门：居民个人装入财产的离岸信托存续期间产生的收益 适用20%税率,近日，财政部、税务总局发布了《关于离岸信托征收个人所得税有关事项的公告》。财政部税政司、税务总局所得税司有关负责人就此回答了记者提问。,https://wallstreetcn.com/livenews/3139337,M001,对居民个人离岸信托存续期间产生的收益征收个人所得税，税率为20%。,居民个人装入财产的离岸信托存续期间产生的收益 适用20%税率,False,False,False,,,none,0.95,该政策针对居民个人离岸信托收益征收个税，属于针对特定投资工具持有人的税收征管措施，不直接改变A股全市场流动性、交易制度或系统性风险环境。同时，该政策未直接调整任何A股行业的供需、成本或监管约束，也未明确导致A股内部不同风格因子（如大小盘、价值成长）产生系统性相对差异。,,,,,,,
48,3140784,房地产,2026-07-28T14:24:00+08:00,华尔街见闻-7x24快讯,住建部：扎实做好国债支持老旧小区加装电梯项目组织实施,近日，住房城乡建设部城市建设司召开超长期特别国债资金支持住宅老旧电梯更新和老旧小区加装电梯工作视频会议，通报工作进展情况，交流各地经验做法，部署下一步重点工作。,https://wallstreetcn.com/livenews/3140784,M001,组织实施超长期特别国债资金支持住宅老旧电梯更新和老旧小区加装电梯项目,住房城乡建设部城市建设司召开超长期特别国债资金支持住宅老旧电梯更新和老旧小区加装电梯工作视频会议,False,False,True,,建筑装饰|机械设备,industry,0.9,该政策通过超长期特别国债资金直接支持老旧小区加装电梯及更新项目，直接增加建筑装饰（施工改造）和机械设备（电梯制造）行业的订单需求。此政策针对特定细分领域，不改变全市场流动性或系统性风险环境，也不直接导致全市场风格因子的相对变化。,,,,,,,
49,3138056,消费与民生,2026-07-22T15:18:39+08:00,华尔街见闻-7x24快讯,财政部：上半年下达育儿补贴资金约1000亿元,从7月22日举行的财政部新闻发布会上获悉，今年上半年，财政加大保障和改善民生力度，下达基本养老保险补助资金1.2万亿元，支持地方按时足额发放养老金；下达城乡居民基本医疗保险补助资金3864亿元，巩固基本医疗保险参保率和保障水平；下达育儿补贴资金约1000亿元、学前一年免保育教育费补助资金241亿元，降低家庭生育养育成本。（新华社）,https://wallstreetcn.com/livenews/3138056,M001,上半年下达育儿补贴资金约1000亿元，用于降低家庭生育养育成本。,下达育儿补贴资金约1000亿元、学前一年免保育教育费补助资金241亿元，降低家庭生育养育成本,False,False,True,,社会服务|商贸零售|医药生物,industry,0.85,育儿补贴资金直接增加家庭在托育、母婴及儿童消费领域的可支配收入，直接提升社会服务、商贸零售及医药生物等行业的需求。该政策通过财政转移支付改变特定行业的消费端需求，而非改变全市场流动性或系统性估值因子。,,,,,,,
49,3138056,消费与民生,2026-07-22T15:18:39+08:00,华尔街见闻-7x24快讯,财政部：上半年下达育儿补贴资金约1000亿元,从7月22日举行的财政部新闻发布会上获悉，今年上半年，财政加大保障和改善民生力度，下达基本养老保险补助资金1.2万亿元，支持地方按时足额发放养老金；下达城乡居民基本医疗保险补助资金3864亿元，巩固基本医疗保险参保率和保障水平；下达育儿补贴资金约1000亿元、学前一年免保育教育费补助资金241亿元，降低家庭生育养育成本。（新华社）,https://wallstreetcn.com/livenews/3138056,M002,上半年下达基本养老保险补助资金1.2万亿元，支持地方按时足额发放养老金。,下达基本养老保险补助资金1.2万亿元，支持地方按时足额发放养老金,False,False,False,,,none,0.95,该政策属于针对特定民生领域的财政补助，旨在保障养老金按时发放，未直接改变全市场流动性、交易制度或系统性风险定价环境。政策未对特定行业的需求、供给或成本产生直接冲击，也未引发大小盘、价值成长等风格因子的系统性相对差异。,,,,,,,
49,3138056,消费与民生,2026-07-22T15:18:39+08:00,华尔街见闻-7x24快讯,财政部：上半年下达育儿补贴资金约1000亿元,从7月22日举行的财政部新闻发布会上获悉，今年上半年，财政加大保障和改善民生力度，下达基本养老保险补助资金1.2万亿元，支持地方按时足额发放养老金；下达城乡居民基本医疗保险补助资金3864亿元，巩固基本医疗保险参保率和保障水平；下达育儿补贴资金约1000亿元、学前一年免保育教育费补助资金241亿元，降低家庭生育养育成本。（新华社）,https://wallstreetcn.com/livenews/3138056,M003,上半年下达城乡居民基本医疗保险补助资金3864亿元，巩固参保率和保障水平。,下达城乡居民基本医疗保险补助资金3864亿元，巩固基本医疗保险参保率和保障水平,False,False,True,,医药生物,industry,0.9,该政策直接增加对城乡居民基本医疗保险的财政补助，直接改变医药生物行业中医疗服务供给端的需求与支付能力。此措施针对特定行业（医保相关医疗服务）的预算约束和运营环境，不直接改变全市场流动性或系统性风格因子。,,,,,,,
50,3140376,科技与制造,2026-07-27T21:57:26+08:00,华尔街见闻-7x24快讯,国务院国资委：将深入推进央企“AI+”专项行动，加快算力基础设施建设,2026世界人工智能大会期间，国务院国资委在“智赋新质 全域焕新”企业人工智能高质量发展论坛正式发布第二批央企人工智能战略性高价值场景和行业高质量数据集，上线AI开源“焕新社区”2.0，启动国资央企智能软件工厂联合筑基工程。此次发布的央企人工智能领域系列成果，构筑起涵盖开源生态、场景落地、数据流通、智能算力等全链条能力布局，标志着央企以人工智能赋能实体经济进入体系化推进新阶段。,https://wallstreetcn.com/livenews/3140376,M001,发布第二批央企人工智能战略性高价值场景和行业高质量数据集,正式发布第二批央企人工智能战略性高价值场景和行业高质量数据集,False,False,True,,计算机|电子|通信,industry,0.9,该政策直接针对央企人工智能领域的场景落地与数据建设，将直接增加对算力基础设施、AI 算法及数据服务的需求。主要受益行业为计算机（AI 应用与算力）、电子（算力硬件）和通信（数据传输与网络）。,,,,,,,
50,3140376,科技与制造,2026-07-27T21:57:26+08:00,华尔街见闻-7x24快讯,国务院国资委：将深入推进央企“AI+”专项行动，加快算力基础设施建设,2026世界人工智能大会期间，国务院国资委在“智赋新质 全域焕新”企业人工智能高质量发展论坛正式发布第二批央企人工智能战略性高价值场景和行业高质量数据集，上线AI开源“焕新社区”2.0，启动国资央企智能软件工厂联合筑基工程。此次发布的央企人工智能领域系列成果，构筑起涵盖开源生态、场景落地、数据流通、智能算力等全链条能力布局，标志着央企以人工智能赋能实体经济进入体系化推进新阶段。,https://wallstreetcn.com/livenews/3140376,M002,上线AI开源“焕新社区”2.0,上线AI开源“焕新社区”2.0,False,False,True,,计算机|通信|电子,industry,0.9,该政策直接针对AI算力基础设施及开源生态建设，将直接增加计算机、通信及电子行业对算力硬件、软件平台及基础设施的需求。此措施属于特定产业的技术与供给端推动，不直接改变全市场流动性或系统性风格因子。,,,,,,,
50,3140376,科技与制造,2026-07-27T21:57:26+08:00,华尔街见闻-7x24快讯,国务院国资委：将深入推进央企“AI+”专项行动，加快算力基础设施建设,2026世界人工智能大会期间，国务院国资委在“智赋新质 全域焕新”企业人工智能高质量发展论坛正式发布第二批央企人工智能战略性高价值场景和行业高质量数据集，上线AI开源“焕新社区”2.0，启动国资央企智能软件工厂联合筑基工程。此次发布的央企人工智能领域系列成果，构筑起涵盖开源生态、场景落地、数据流通、智能算力等全链条能力布局，标志着央企以人工智能赋能实体经济进入体系化推进新阶段。,https://wallstreetcn.com/livenews/3140376,M003,启动国资央企智能软件工厂联合筑基工程,启动国资央企智能软件工厂联合筑基工程,False,False,True,,计算机|通信,industry,0.9,该政策直接针对国资央企的AI与算力基础设施建设，明确提升智能软件研发能力，直接增加计算机（软件/算力）和通信（基础设施）行业的订单需求与供给约束。,,,,,,,
