news_id,title,date,source,url,content,candidate_theme,selection_score,curation_quality_score
3144029,两部门：到2030年，核电装机约1.1亿千瓦,2026-08-03T16:36:02+08:00,华尔街见闻-7x24快讯,https://wallstreetcn.com/livenews/3144029,国家发展改革委、国家能源局印发《新型电力系统建设“十五五”规划》。其中提出，科学确定沿海核电基地布局和建设时序。推动核电规模化建设，积极推进新一代核电技术研发示范和推广应用。多措并举降低小型堆成本，加强核能综合利用和商业模式创新。到2030年，核电装机约1.1亿千瓦。,能源与环保,11,refined
3140182,国务院办公厅印发《关于国务院行政复议案件处理程序的若干规定》,2026-07-27T17:01:39+08:00,华尔街见闻-7x24快讯,https://wallstreetcn.com/livenews/3140182,日前，国务院办公厅印发《关于国务院行政复议案件处理程序的若干规定》，自印发之日起施行。 《若干规定》旨在全面贯彻落实新修订的行政复议法及其实施条例，提升行政复议监督质效，促进依法行政，进一步规范国务院行政复议案件有关处理程序。全文共10条，主要内容如下。,综合政策,11,refined
3139332,商务部新闻发言人就将14家欧盟实体列入出口管制管控名单答记者问,2026-07-24T16:07:04+08:00,华尔街见闻-7x24快讯,https://wallstreetcn.com/livenews/3139332,北京时间7月23日晚，欧方正式发布第21轮对俄制裁措施，将14家中国内地和香港企业列单制裁。为维护国家安全和利益，履行防扩散等国际义务，针对欧方上述恶劣行径，根据《中华人民共和国出口管制法》和《中华人民共和国两用物项出口管制条例》等法律法规有关规定，中方决定将拉法特集团等14家欧盟实体列入出口管制管控名单，禁止出口经营者向上述实体出口两用物项，禁止境外组织和个人将原产于中华人民共和国的两用物项转移或提供给上述实体。（商务部网站）,贸易与外部冲击,11,22.0
3139293,三部门将开展征收挥发性有机物环境保护税试点,2026-07-24T15:07:07+08:00,华尔街见闻-7x24快讯,https://wallstreetcn.com/livenews/3139293,财政部、税务总局、生态环境部近日联合发布通知，明确自2027年1月1日起开展征收挥发性有机物环境保护税试点，挥发性有机物将全部纳入征税范围。此次公布的《征收挥发性有机物环境保护税试点实施办法》明确，试点工作将按照“试点先行、分步实施、稳步推进”的原则有序推进。首批纳入征收试点范围的行业包括印刷、化学原料和化学制品制造等八个行业。根据办法，挥发性有机物环境保护税的税额幅度为每污染当量8元至12元。具体适用税额由各省、自治区、直辖市人民政府在规定的税额幅度内确定。,财政与税收,15,26.0
3141549,《智能家用电器质量安全风险分类评价指南》国家标准发布,2026-07-29T15:40:59+08:00,华尔街见闻-7x24快讯,https://wallstreetcn.com/livenews/3141549,从国家市场监督管理总局获悉，市场监管总局近日批准发布《智能家用电器质量安全风险分类评价指南》（GB/T 47777—2026）国家标准，将于2027年2月1日起实施。 标准确立了智能家用电器风险分类评价的基本原则、评价指标与评价方法，助力化解传统物理安全与新型信息安全叠加隐患。针对智能家电兼具传统电器硬件风险与联网数字化新型风险的行业现状，标准作出三方面规定，分别是划定四类安全风险、实现产品风险综合量化研判、统一评估流程与风险分级机制。 （新华网）,综合政策,10,refined
3141499,商务部：进一步加力推动城市一刻钟便民生活圈建设,2026-07-29T14:26:57+08:00,华尔街见闻-7x24快讯,https://wallstreetcn.com/livenews/3141499,商务部办公厅印发关于进一步加力推动城市一刻钟便民生活圈建设的工作通知。通知提出，各地要加快工作进度，划定便民生活圈总量，明确逐年建设数量，按照有关规划安排，在保证质量的前提下，2026年完成全国建设1万个便民生活圈的既定目标。各地要依托便民生活圈开展丰富多彩的惠民促销活动，推动国货“潮品”、外贸优品、本地精品、国际名品进社区，依法依规设置展区展台，丰富社区消费场景。要鼓励家电以旧换新、数码和智能产品购新补贴政策参与主体，在社区举办宣传促销活动，引导生产、销售、平台、售后服务和回收企业在社区设立便民服务点。要鼓励汽车生产、流通、回收企业在社区宣传汽车以旧换新政策，在有条件的社区开展汽车展示展销、体验试驾等活动。,消费与民生,12,23.0
3145884,工信部：引导民爆产能向需求集中、缺口扩大的地区转移，限制产能过剩地区产能转入,2026-08-06T15:11:25+08:00,华尔街见闻-7x24快讯,https://wallstreetcn.com/livenews/3145884,工业和信息化部印发《民用爆炸物品行业安全发展“十五五”规划》提出，优化区域产能布局。统筹推进区域产能规划布局调整，科学设置民用爆炸物品生产、销售场点。引导产能向需求集中、缺口扩大的地区转移，限制产能过剩地区产能转入，推动供需适配。原则上不新增产能过剩品种的许可产能。支持企业面向煤炭、金属矿山和非金属矿山、基础设施建设等需求，开展个性化定制服务，提升有效供给能力。加强民爆市场供需监测预警并及时引导，不断强化民爆行业在国家基础设施建设中的保障能力。,科技与制造,14,25.0
3139357,香港证监会优化单日杠杆及反向产品的监管框架以确保市场有序交易,2026-07-24T16:49:10+08:00,华尔街见闻-7x24快讯,https://wallstreetcn.com/livenews/3139357,香港证监会今天发出经修订的通函，将规定其容量高度受市况变化影响的杠杆及反向产品，须采用灵活杠杆结构。在此结构下，杠杆倍数可在现有上限（即杠杆产品为2倍，反向产品为-2倍）内每日调整。因此，产品提供者在必要时可下调该等产品的目标杠杆倍数，从而于高交易量期间有更大空间管理产品。该等产品于下一交易日的杠杆倍数将于每日收市后披露。杠杆倍数每日的潜在调整，亦有助加深投资者对杠杆及反向产品属单日产品的认识，提醒投资者该等产品并不适合持有超过一日。（香港证监会网站）,资本市场制度,10,19.0
3144033,两部门：到2030年，西电东送规模超过4.2亿千瓦,2026-08-03T16:37:24+08:00,华尔街见闻-7x24快讯,https://wallstreetcn.com/livenews/3144033,国家发展改革委、国家能源局印发《新型电力系统建设“十五五”规划》。其中提出，着力推动电力流向布局优化。推动存量直流输电通道改造升级。落实国家区域发展战略和全国电力流向优化布局总体方案，逐步形成东北、中北、西北“沙戈荒”基地群和西南水风光一体化基地群向东中部、川渝和南方负荷中心地区送电，海上风电基地和沿海核电基地就近消纳的电力流向总体格局。加快推动“十四五”时期已纳规输电通道尽早建成投运。到2030年，西电东送规模超过4.2亿千瓦。开展“沙戈荒”等100%新能源外送输电工程试点。,能源与环保,13,22.0
3142301,国家发改委发布《电网公平开放监管办法》（公开征求意见稿）,2026-07-30T16:46:31+08:00,华尔街见闻-7x24快讯,https://wallstreetcn.com/livenews/3142301,其中提出，向电网企业申请接入电网的电源项目，应满足以下条件： （一）符合国家产业政策，不属于国家《产业结构调整指导目录》中淘汰类及限制类项目； （二）已列入政府批准的规划或年度实施方案，或取得核准（备案）文件； （三）接入增量配电网的电源项目，应满足国家关于增量配电业务改革试点的相关政策。,综合政策,12,23.0
3138580,北京2026年消费品以旧换新补贴产品扩容,2026-07-23T11:17:35+08:00,华尔街见闻-7x24快讯,https://wallstreetcn.com/livenews/3138580,北京市商务局发布关于新增2026年消费品以旧换新补贴产品的公告，经向商务部报备确认，增加10类补贴产品，现将有关事项公告如下：对在京个人消费者购买智能门锁、智能摄像头、智能扫地机（含智能洗地机、智能吸尘器）、智能马桶（含智能马桶盖）、数码相机（含运动相机）、智能耳机、全屋智能主机（含智慧家庭服务器、智能网关）、智能床（含智能床垫）、智能电动轮椅、具身智能机器人（含陪伴类机器人、机器狗、外骨骼机器人、养老照护机器人）等10类产品给予补贴。对个人消费者购买上述智能家居产品（含适老化家居产品），补贴标准为上述产品扣除各环节优惠后最终销售价格的15%，每人每类可补贴1件，每件补贴不超过1500元。,消费与民生,8,refined
3142504,英国央行决议要点汇总,2026-07-30T21:26:11+08:00,华尔街见闻-7x24快讯,https://wallstreetcn.com/livenews/3142504,①决议结果：英国央行内部以6:3的投票结果，维持利率在3.75%不变，有3名委员投票支持加息25个基点。 ②关于前瞻指引：英国央行行长贝利强调，不要认为英国央行正在逐步走向加息，但其表示英国央行“随时准备采取行动”。 ③关于能源价格：近期能源价格波动剧烈，油气价格已明显高于此前预测，将继续关注美伊冲突对通胀的影响。 ④关于量化紧缩（QT）：资产负债表缩减对10年期国债收益率的影响较为温和，将在9月就下一年度量化紧缩计划作出决定。 ⑤关于经济和劳动力市场：预计2026年和2027年GDP增速均将维持在1%左右，职位空缺和私营部门工资增长已降至疫情以来低位。,货币与金融,12,21.0
3138720,商务部：将加快修订出台关于外国投资者并购境内企业的规定,2026-07-23T15:51:33+08:00,华尔街见闻-7x24快讯,https://wallstreetcn.com/livenews/3138720,商务部外国投资管理司司长孟华婷在新闻发布会上表示，下半年，将继续围绕利用外资固稳促优目标，进一步塑造吸引外资新优势，做好扩增量、稳存量、提质量各项工作。在扩增量方面，将继续实施高水平对外开放，稳妥有序深化增值电信、生物技术、外商独资医院和职业技能培训机构等领域的开放试点，支持北京市提升国家服务业综合示范区建设水平，还将加快修订出台关于外国投资者并购境内企业的规定。将持续打造“投资中国”品牌，精心设计一系列投资促进活动。中国国际投资贸易洽谈会是“投资中国”的标志性展会，今年将举办第26届，欢迎跨国公司积极参展参会。（证券时报）,贸易与外部冲击,11,22.0
3140864,两部门：调整部分能源资源行业企业城镇土地使用税政策,2026-07-28T16:03:45+08:00,华尔街见闻-7x24快讯,https://wallstreetcn.com/livenews/3140864,财政部、税务总局发布关于调整部分能源资源行业企业城镇土地使用税政策的公告：一、对按《国家税务局关于电力行业征免土地使用税问题的规定》〔（89）国税地字第013号〕等文件（具体见附件）规定减免城镇土地使用税的土地，自2026年9月1日至2027年8月31日，按应纳税额减半征收城镇土地使用税；自2027年9月1日起，全额征收城镇土地使用税，（89）国税地字第013号等文件同时废止。,财政与税收,13,22.0
3142203,中共中央政治局会议：深化资本市场投融资综合改革，提升资本市场韧性和信心,2026-07-30T14:37:22+08:00,华尔街见闻-7x24快讯,https://wallstreetcn.com/livenews/3142203,会议强调，要切实筑牢安全屏障。稳定房地产市场，实施好一揽子化债方案，扎实推进地方中小金融机构改革化险、减量提质。深化资本市场投融资综合改革，提升资本市场韧性和信心。深入排查整治各类风险隐患，坚决遏制重特大事故发生。加强对病险水库、江河堤防、山洪和地质灾害危险区、城市低洼易涝点等隐患排查治理，扎实做好防汛应急抢险救灾各项工作，全力维护人民群众生命财产安全。（新华社）,房地产,7,18.0
3145881,工信部：到2030年，形成3~5家具有较强国际运营能力的大型民爆企业集团,2026-08-06T15:06:56+08:00,华尔街见闻-7x24快讯,https://wallstreetcn.com/livenews/3145881,工业和信息化部印发《民用爆炸物品行业安全发展“十五五”规划》提出，到2030年，民爆行业安全水平进一步提高，创新能力持续增强，民用爆炸物品供给能力稳步提升，产业结构、产品结构、产能布局更加优化，治理效能进一步提高，企业经营效益稳中有进。安全基础更加巩固。企业全员安全生产责任制有效落实，安全生产投入得到有力保障，职工教育培训力度加大，现场安全管理水平显著提高，先进设备加快应用，本质安全水平大幅提升，行业安全监管持续加强，重特大生产安全事故得到有效遏制。,消费与民生,14,21.0
3140281,工信部：加快编制出台智能网联新能源汽车产业发展“十五五”规划,2026-07-27T19:23:55+08:00,华尔街见闻-7x24快讯,https://wallstreetcn.com/livenews/3140281,工业和信息化部装备工业一司司长郭守刚在2026世界智能网联汽车大会媒体圆桌会上介绍了我国智能网联汽车产业发展情况。下一步，工信部将加快编制出台智能网联新能源汽车产业发展“十五五”规划，深入贯彻落实《国家标准化发展纲要》，加快突破一批关键核心技术，加速重点标准研制、国际协调和贯彻实施，深入推进“车路云一体化”应用试点、生产准入和上路通行试点，推动建立贯通全产业链的生态体系。（澎湃）,科技与制造,14,23.0
3138642,香港与马来西亚扩大资本市场跨境准入 推进双重上市与基金互认,2026-07-23T14:06:46+08:00,华尔街见闻-7x24快讯,https://wallstreetcn.com/livenews/3138642,香港与马来西亚将携手扩大资本市场准入，深化两地市场的跨境参与，以吸引更多国际投资。香港证监会与马来西亚证券事务监察委员会周四签署协议，简化首次公开招股(IPO)双重上市框架。双方同时同意扩大基金互认安排下的合资格产品范围，尤其是涵盖非伊斯兰交易所买卖基金（ETF）和房地产投资信托基金（REIT），并允许符合资格的基金在两地市场互挂上市。（彭博）,资本市场制度,7,18.0
3142736,工信部印发《工业绿色低碳发展“十五五”规划》,2026-07-31T08:11:29+08:00,华尔街见闻-7x24快讯,https://wallstreetcn.com/livenews/3142736,工业和信息化部印发《工业绿色低碳发展“十五五”规划》，到2030年，产业结构和用能结构进一步优化，工业领域二氧化碳排放量达到峰值，能源资源利用效率稳步提升，绿色能源应用比例显著提高，绿色制造和服务体系更加完善，绿色低碳产业竞争优势巩固提升。,能源与环保,13,20.0
3138508,两部门：“十五五”时期全国海上风电新增开工规模1亿千瓦左右,2026-07-23T09:14:03+08:00,华尔街见闻-7x24快讯,https://wallstreetcn.com/livenews/3138508,国家发改委、国家能源局印发《可再生能源发展“十五五”规划》，其中提到，“十五五”时期，全国海上风电新增开工规模1亿千瓦左右，2030年累计装机规模达到1亿千瓦以上。持续加快近海海上风电建设。加快建设已复函省级海上风电项目。开展新一轮省级海上风电规划修订和评估。做好近海海上风电海缆路由路径优化。大力推进深远海海上风电基地布局建设。建立深远海海上风电基地项目库，做好用海等要素协同，分批推动基地项目规范有序建设。统筹推进源网工程规划建设，推动海底输电廊道和登陆点集约共享。,能源与环保,13,refined
3140770,十一部门：未来五年基层中医药服务将提质升级，力争居民15分钟可达最近的医疗服务点获得中医药服务,2026-07-28T14:03:01+08:00,华尔街见闻-7x24快讯,https://wallstreetcn.com/livenews/3140770,国家中医药局、国家卫生健康委、国家发展改革委等11个部门日前联合印发《医疗卫生强基工程中医药行动方案》，旨在强化基层中医药服务供给，提升群众看中医的可及性与获得感。 方案提出服务网络优化完善行动、服务能力提质增效行动、基层人才扩容培优行动等7个具体行动、共25项重点任务。,综合政策,11,refined
3145331,中国机电商会：支持商务部对相关产品启动对外贸易国家安全调查,2026-08-05T18:06:07+08:00,华尔街见闻-7x24快讯,https://wallstreetcn.com/livenews/3145331,中国机电产品进出口商会发布声明称，2026年8月5日，商务部发布公告，对相关进口打印复印办公设备启动对外贸易国家安全调查。中国机电商会高度关注，坚决支持商务部依法启动调查，评估相关进口对我对外贸易中国家安全利益的影响并视情出台必要措施。 中国机电商会注意到，近期美国联邦通信委员会和美国国土安全部出台系列涉华消极措施，包括多项限制性市场准入措施，性质极为恶劣。同时，美国政府泛化国家安全概念，甚至将木材等常规产品纳入232调查，并滥施关税。中国机电商会对此坚决反对。,贸易与外部冲击,13,20.0
3139361,明年起试点 挥发性有机物将全部纳入环保税征税范围,2026-07-24T16:54:14+08:00,华尔街见闻-7x24快讯,https://wallstreetcn.com/livenews/3139361,治理挥发性有机物，是近年来打好蓝天保卫战的重点和难点。财政部、税务总局、生态环境部近日联合发布通知，明确自2027年1月1日起开展征收挥发性有机物环境保护税试点，挥发性有机物将全部纳入征税范围。我国以绿色税制推动大气污染治理再进一程。（新华社）,财政与税收,12,19.0
3143225,国务院常务会议：审议通过《国务院关于修改〈住房公积金管理条例〉的决定（草案）》和《国务院关于修改和废止部分行政法规的决定（草案）》,2026-07-31T19:10:45+08:00,华尔街见闻-7x24快讯,https://wallstreetcn.com/livenews/3143225,会议审议通过《国务院关于修改〈住房公积金管理条例〉的决定（草案）》。会议指出，要更好发挥住房公积金功能作用，拓宽提取和使用范围，扩大制度覆盖面，更好满足居民多样化住房消费需求。,房地产,10,17.0
3138499,国家发展改革委、国家能源局印发 《可再生能源发展“十五五”规划》,2026-07-23T09:04:55+08:00,华尔街见闻-7x24快讯,https://wallstreetcn.com/livenews/3138499,其中提到，2030年，可再生能源消费总量达到18亿吨标准煤左右。2030年，可再生能源发电总装机达到35亿千瓦左右，年发电量达到6万亿千瓦时左右；风电和太阳能发电总装机达到28亿千瓦以上、装机占比超过50%，年发电量4万亿千瓦时以上，发电量占比达到30%。,消费与民生,9,20.0
3145883,工信部：推广应用无人化生产线，原则上不再新建“一头多尾”、“多头一尾”工业炸药生产线,2026-08-06T15:07:29+08:00,华尔街见闻-7x24快讯,https://wallstreetcn.com/livenews/3145883,工业和信息化部印发《民用爆炸物品行业安全发展“十五五”规划》提出，提升本质安全水平。支持集约化生产，鼓励企业撤并生产厂点、拆除落后生产线，减少危险源点。鼓励加大安全生产投入，加快老旧设备设施升级改造和高风险工艺装备淘汰更新，鼓励本质安全型生产技术工艺装备应用，持续压减危险岗位操作人员数量。推广应用无人化生产线，原则上不再新建“一头多尾”、“多头一尾”工业炸药生产线。鼓励发展低感度民爆产品，推广安全性高的生产方式。,科技与制造,9,20.0
3138876,证监会：依法严查严处财务造假、内幕交易、操纵市场等违法违规行为,2026-07-23T20:15:42+08:00,华尔街见闻-7x24快讯,https://wallstreetcn.com/livenews/3138876,中国证监会召开党的建设暨监管工作座谈会。会议强调，坚持打大打恶打重点，提高监管执法质效，依法严查严处财务造假、内幕交易、操纵市场等违法违规行为，加强新型业务监管，推进人工智能在监管中的应用；扶优限劣促进上市公司做优做强。进一步夯实财务造假综合惩防体系，更大力度推动上市公司规范治理，持续释放并购重组活力，推出更多典型案例。,资本市场制度,9,16.0
3141556,多部门联合发布《国家应对气候变化“十五五”规划》,2026-07-29T15:51:47+08:00,华尔街见闻-7x24快讯,https://wallstreetcn.com/livenews/3141556,生态环境部、外交部、国家发展改革委等部门联合印发的《国家应对气候变化“十五五”规划》29日对外发布，提出到2030年，单位国内生产总值二氧化碳排放较2025年降低17%。,能源与环保,13,20.0
3140896,生态环境部：推动建立生态环境损害赔偿制度规范体系,2026-07-28T16:46:49+08:00,华尔街见闻-7x24快讯,https://wallstreetcn.com/livenews/3140896,生态环境部法规与标准司司长赵柯28日在例行新闻发布会上表示，为落实生态环境法典规定，进一步推动受损生态环境得到有效修复，将开展以下工作：一是进一步加强立法，推进部门规章的研究编制，推动形成以生态环境法典为统领、相关配套制度为支撑的生态环境损害赔偿制度规范体系。二是加强鉴定评估技术保障，推动生态环境损害智能评估（e评估）系统建设，扩大智能评估应用覆盖面。三是进一步提升生态环境损害修复实效，健全“损害赔偿－生态修复－效果评估”全链条闭环管理模式。（上证报）,综合政策,10,21.0
3141031,工信部：将会同相关部门加快编制发布汽车企业供应商货款支付规范指引,2026-07-28T20:50:07+08:00,华尔街见闻-7x24快讯,https://wallstreetcn.com/livenews/3141031,7月27日，工业和信息化部办公厅、装备工业一司组织召开媒体座谈会，通报推动重点汽车企业缩短供应商账期有关情况，邀请20家中央媒体、财经媒体和相关行业媒体记者担任首批“汽车行业账期问题监督员”。,科技与制造,8,refined
3145256,商务部：加强无人机相关两用物项对美国出口管制,2026-08-05T16:02:03+08:00,华尔街见闻-7x24快讯,https://wallstreetcn.com/livenews/3145256,根据《中华人民共和国出口管制法》和《中华人民共和国两用物项出口管制条例》等法律法规有关规定，为维护国家安全和利益、履行防扩散等国际义务，决定加强无人机相关两用物项对美国出口管制。现将有关事项公告如下：对列入《中华人民共和国两用物项出口管制清单》的无人机及其关键零部件、相关技术对美国出口，逐案从严审核，不适用许可便利措施。本公告自公布之日起正式实施。,贸易与外部冲击,11,18.0
3143511,历史性干预！报道称美国政府周五抛欧元来买日元,2026-08-01T07:07:02+08:00,华尔街见闻-7x24快讯,https://wallstreetcn.com/livenews/3143511,据知情人士透露，美国财政部周五对日元汇兑市场实施了干预，也是近30年来东京和华盛顿首次通过直接买入日元的方式联手撑日本货币。纽约联储代表美国财政部做出不寻常之举 —— 卖出欧元来买入日元。上述交易通过高盛和摩根士丹利操作。（英国金融时报）,财政与税收,10,17.0
3143342,国务院常务会议解读｜住房公积金将更好满足居民多样化住房消费需求,2026-07-31T22:49:24+08:00,华尔街见闻-7x24快讯,https://wallstreetcn.com/livenews/3143342,7月31日召开的国务院常务会议，审议通过《国务院关于修改〈住房公积金管理条例〉的决定（草案）》。 “住房公积金在促进住房消费、保障民生福祉方面的基础性作用将更加凸显。”清华大学房地产研究中心主任吴璟表示。,房地产,9,16.0
3143231,我国新核准8台核电机组，项目总投资超1700亿元,2026-07-31T19:13:46+08:00,华尔街见闻-7x24快讯,https://wallstreetcn.com/livenews/3143231,据新闻联播7月31日消息，当天召开的国务院常务会议决定核准辽宁庄河一期工程等四个核电项目。此次在国常会上获批的新项目包括浙江金七门核电二期工程（3、4号机组），广东太平岭核电三期工程（5、6号机组），辽宁庄河核电一期工程（1、2号机组），山东莱阳核电一期工程（1、2号机组），共计8台新机组。核电工程历来是扩大有效投资的重要拉动力，据估算，上述新项目的总投资将超过1700亿元。（澎湃）,综合政策,10,refined
3143349,欧盟宣布扩大实施《人工智能法》,2026-07-31T23:02:11+08:00,华尔街见闻-7x24快讯,https://wallstreetcn.com/livenews/3143349,欧盟委员会31日宣布，欧盟将自8月2日起扩大《人工智能法》适用范围，开始执行透明度规则和针对通用人工智能模型提供商的相关规则等。 欧盟委员会31日发布公报说，根据新的透明度规则，聊天机器人等交互式人工智能系统必须告知用户其正在与人工智能而非人类互动。利用人工智能生成或修改的图像、视频和音频等“深度伪造”内容必须作出标识。人工智能生成或修改的内容还须带有机器可读标记，以便易于识别。欧盟委员会说，这些规定旨在减少欺骗和操纵行为。,科技与制造,11,20.0
3143161,证监会对广发证券股份有限公司采取出具警示函措施,2026-07-31T18:12:50+08:00,华尔街见闻-7x24快讯,https://wallstreetcn.com/livenews/3143161,证监会：经查，证监会发现广发证券股份有限公司存在质控部门独立性不足、项目收费不规范等问题，上述情况违反了《证券公司和证券投资基金管理公司合规管理办法》（以下称《合规办法》）第六条，《证券公司投资银行类业务内部控制指引》第五条、二十二条的规定。按照《合规办法》第三十二条的规定，证监会决定对公司采取出具警示函的行政监督管理措施。公司应加强对投资银行业务的内控管理，对相关责任人员进行内部问责。（证监会网站）,资本市场制度,7,14.0
3144035,两部门：推动现役煤电机组实施宽负荷高效改造，低负荷运行工况的煤耗增幅控制在25%以内,2026-08-03T16:41:30+08:00,华尔街见闻-7x24快讯,https://wallstreetcn.com/livenews/3144035,国家发展改革委、国家能源局印发《新型电力系统建设“十五五”规划》。其中提出，推动现役煤电机组实施宽负荷高效改造，低负荷运行工况的煤耗增幅控制在25%以内。因地制宜推动实施燃煤机组全负荷脱硝改造。实施一批60万千瓦等级跨代升级改造项目。在具备条件的地区改造建设一批零碳低碳燃料掺烧和碳捕集利用及封存项目。制定煤电与新能源融合发展政策，支持在具备条件的地区优先实施一批煤电与新能源融合项目，实施煤电调节能力改造，推动煤电与新能源系统耦合集成，实现一体化调控送出，降低燃煤发电量。,能源与环保,13,18.0
3140154,工业和信息化部印发《“小快轻准”数字化产品和服务培育指引（2026年版）》,2026-07-27T16:22:38+08:00,华尔街见闻-7x24快讯,https://wallstreetcn.com/livenews/3140154,其中提到，坚持需求牵引，实效导向。以中小企业数字化转型需求为导向，紧扣转型痛点，引导产品在小型化、快速化、轻量化、精准化等维度持续深耕，以优质供给推动中小企业主动转型、愿转敢转。坚持因地制宜，分类培育。鼓励地方立足重点行业中小企业数字化转型实际情况，因地制宜细化培育标准，建立分类分级培育体系，推动“小快轻准”数字化产品和服务持续迭代优化。坚持政府引导，多方联动。加强政策协同和资源统筹，加快构建多方参与、优势互补的中小企业数字化转型服务供给生态。,综合政策,9,20.0
3143016,商务部：延长对原产于加拿大的进口豌豆淀粉反倾销调查期限,2026-07-31T15:20:52+08:00,华尔街见闻-7x24快讯,https://wallstreetcn.com/livenews/3143016,根据《中华人民共和国反倾销条例》的规定，2025年8月12日，商务部发布2025年第41号公告，决定对原产于加拿大的进口豌豆淀粉进行反倾销立案调查。 鉴于本案情况复杂，根据《中华人民共和国反倾销条例》第二十六条的规定，商务部决定将本案调查期延长至2027年2月12日。（商务部网站）,贸易与外部冲击,11,18.0
3143731,法国总理办公室针对外国投资制度发布声明：法国收紧关于非欧洲实体持股法国公司的制度。 非欧洲投资者若取得法国企业10%及以上股权，必须获得法国,2026-08-03T02:40:18+08:00,华尔街见闻-7x24快讯,https://wallstreetcn.com/livenews/3143731,法国总理办公室针对外国投资制度发布声明：法国收紧关于非欧洲实体持股法国公司的制度。 非欧洲投资者若取得法国企业10%及以上股权，必须获得法国财政部批准。,财政与税收,9,13.0
3140395,住建部：进一步加强城市桥梁安全管理工作,2026-07-27T22:31:57+08:00,华尔街见闻-7x24快讯,https://wallstreetcn.com/livenews/3140395,住房城乡建设部办公厅发布关于进一步加强城市桥梁安全管理工作的通知。通知提出，加强汛期桥梁安全管理。当前，全国已全面进入汛期，城市桥梁主管部门要加强与气象、水利、自然资源等部门协同联动，扎实做好极端天气以及涉水、涉地质灾害等风险提示及防范应对工作。重点聚焦桥梁基础冲刷、边坡稳定和畅通排水设施等，全面开展防汛安全风险隐患排查。主动协调河道管理部门，及时清理河道内堆积物及可能影响桥梁安全的大型漂流物，确保行洪畅通。强降雨期间，加密巡检频次，发现问题及时处置。降雨结束后，及时排查桥梁受损情况，尽快修复受损设施，总结防汛经验，完善应急预案。,房地产,9,16.0
3141822,美联储今年连续五次按兵不动，决议声明称：洛根等三人倾向于加息,2026-07-30T02:00:35+08:00,华尔街见闻-7x24快讯,https://wallstreetcn.com/livenews/3141822,美国联邦公开市场委员会（FOMC）以9票赞成、3票反对的结果批准发布以下声明： 为支持美联储的双重使命，委员会决定将联邦基金利率的目标区间维持在3.5%-3.75%不变。委员会将继续执行在银行体系中维持充裕准备金的政策。 尽管中东冲突等因素导致不确定性处于高位，美国经济活动仍以稳健的步伐扩张。生产率增长和资本投资表现强劲。新增就业与劳动力规模扩张保持同步，失业率变化不大。 通胀水平相对于委员会设定的2%目标仍然偏高，部分原因在于供应冲击推动了包括能源在内的某些行业价格上涨。委员会将致力于实现价格稳定。 反对本次货币政策行动的委员包括：贝丝·M·哈马克（Beth M. Hammack）、尼尔·卡什卡利（Neel Kashkari）和洛丽·K·洛根（Lorie K. Logan）。他们倾向于在本次会议上将联邦基金利率的目标区间上调25个基点（1/4个百分点）。,消费与民生,9,18.0
3142350,工信部：废止和修订新能源汽车废旧动力电池“梯次利用”相关政策标准,2026-07-30T18:08:24+08:00,华尔街见闻-7x24快讯,https://wallstreetcn.com/livenews/3142350,工业和信息化部发布关于废止和修订新能源汽车废旧动力电池“梯次利用”相关政策标准以及规范有关行业活动的公告。废止《新能源汽车废旧动力电池综合利用行业规范条件》中“梯次利用”有关条款，不再开展“梯次利用”企业公告管理，将已公告的“梯次利用”企业移出符合新能源汽车废旧动力电池综合利用行业规范条件的企业名单，已公告的再生利用企业名单继续有效。,科技与制造,8,19.0
3139444,交通运输部、国家发展改革委联合印发《关于深化综合交通运输体系改革的意见》,2026-07-24T18:54:15+08:00,华尔街见闻-7x24快讯,https://wallstreetcn.com/livenews/3139444,意见要求，强化综合交通运输规划统筹。加强综合交通运输规划编制跨部门协同。建立完善综合交通运输规划管理制度。强化综合交通运输规划与国家发展规划和其他国家级专项规划、区域规划的衔接，发挥国土空间规划指导约束作用，落实生态环境分区管控制度和环境影响评价制度。加强铁路、公路、水路、民航、邮政等规划与综合交通运输规划的全过程衔接。（交通运输部微信公号）,综合政策,9,refined
3144031,两部门：到2030年，生物质、光热、地热能、海洋能等发电装机达到6500万千瓦左右,2026-08-03T16:36:35+08:00,华尔街见闻-7x24快讯,https://wallstreetcn.com/livenews/3144031,国家发展改革委、国家能源局印发《新型电力系统建设“十五五”规划》。其中提出，推动光热发电规模化发展，因地制宜发展生物质和地热能发电，推进海洋能规模化利用。到2030年，生物质、光热、地热能、海洋能等发电装机达到6500万千瓦左右。,能源与环保,9,18.0
3139413,住房城乡建设部：进一步加强建筑市场监管,2026-07-24T18:07:58+08:00,华尔街见闻-7x24快讯,https://wallstreetcn.com/livenews/3139413,从住房城乡建设部获悉，为进一步夯实建筑市场经营主体责任，加强建筑市场监管，优化建筑市场环境，规范招标投标市场秩序，加快构建“宽进、严管、重处”建筑市场监管机制，住房城乡建设部近日印发通知，对建筑市场准入管理、建筑工程评标定标、建筑工程发包承包等方面工作提出具体要求。,房地产,8,refined
3139337,两部门：居民个人装入财产的离岸信托存续期间产生的收益 适用20%税率,2026-07-24T16:10:48+08:00,华尔街见闻-7x24快讯,https://wallstreetcn.com/livenews/3139337,近日，财政部、税务总局发布了《关于离岸信托征收个人所得税有关事项的公告》。财政部税政司、税务总局所得税司有关负责人就此回答了记者提问。,财政与税收,11,13.0
3140784,住建部：扎实做好国债支持老旧小区加装电梯项目组织实施,2026-07-28T14:24:00+08:00,华尔街见闻-7x24快讯,https://wallstreetcn.com/livenews/3140784,近日，住房城乡建设部城市建设司召开超长期特别国债资金支持住宅老旧电梯更新和老旧小区加装电梯工作视频会议，通报工作进展情况，交流各地经验做法，部署下一步重点工作。,房地产,9,14.0
3138056,财政部：上半年下达育儿补贴资金约1000亿元,2026-07-22T15:18:39+08:00,华尔街见闻-7x24快讯,https://wallstreetcn.com/livenews/3138056,从7月22日举行的财政部新闻发布会上获悉，今年上半年，财政加大保障和改善民生力度，下达基本养老保险补助资金1.2万亿元，支持地方按时足额发放养老金；下达城乡居民基本医疗保险补助资金3864亿元，巩固基本医疗保险参保率和保障水平；下达育儿补贴资金约1000亿元、学前一年免保育教育费补助资金241亿元，降低家庭生育养育成本。（新华社）,消费与民生,9,18.0
3140376,国务院国资委：将深入推进央企“AI+”专项行动，加快算力基础设施建设,2026-07-27T21:57:26+08:00,华尔街见闻-7x24快讯,https://wallstreetcn.com/livenews/3140376,2026世界人工智能大会期间，国务院国资委在“智赋新质 全域焕新”企业人工智能高质量发展论坛正式发布第二批央企人工智能战略性高价值场景和行业高质量数据集，上线AI开源“焕新社区”2.0，启动国资央企智能软件工厂联合筑基工程。此次发布的央企人工智能领域系列成果，构筑起涵盖开源生态、场景落地、数据流通、智能算力等全链条能力布局，标志着央企以人工智能赋能实体经济进入体系化推进新阶段。,科技与制造,8,19.0
