industry_l2_code,industry_l2_name,industry_l1_name,classification_version,source
801178,物流,交通运输,SW2021,AKShare.sw_index_second_info
801179,铁路公路,交通运输,SW2021,AKShare.sw_index_second_info
801991,航空机场,交通运输,SW2021,AKShare.sw_index_second_info
801992,航运港口,交通运输,SW2021,AKShare.sw_index_second_info
801764,游戏Ⅱ,传媒,SW2021,AKShare.sw_index_second_info
801765,广告营销,传媒,SW2021,AKShare.sw_index_second_info
801766,影视院线,传媒,SW2021,AKShare.sw_index_second_info
801767,数字媒体,传媒,SW2021,AKShare.sw_index_second_info
801769,出版,传媒,SW2021,AKShare.sw_index_second_info
801995,电视广播Ⅱ,传媒,SW2021,AKShare.sw_index_second_info
801161,电力,公用事业,SW2021,AKShare.sw_index_second_info
801163,燃气Ⅱ,公用事业,SW2021,AKShare.sw_index_second_info
801011,林业Ⅱ,农林牧渔,SW2021,AKShare.sw_index_second_info
801012,农产品加工,农林牧渔,SW2021,AKShare.sw_index_second_info
801014,饲料,农林牧渔,SW2021,AKShare.sw_index_second_info
801015,渔业,农林牧渔,SW2021,AKShare.sw_index_second_info
801016,种植业,农林牧渔,SW2021,AKShare.sw_index_second_info
801017,养殖业,农林牧渔,SW2021,AKShare.sw_index_second_info
801018,动物保健Ⅱ,农林牧渔,SW2021,AKShare.sw_index_second_info
801019,农业综合Ⅱ,农林牧渔,SW2021,AKShare.sw_index_second_info
801151,化学制药,医药生物,SW2021,AKShare.sw_index_second_info
801152,生物制品,医药生物,SW2021,AKShare.sw_index_second_info
801153,医疗器械,医药生物,SW2021,AKShare.sw_index_second_info
801154,医药商业,医药生物,SW2021,AKShare.sw_index_second_info
801155,中药Ⅱ,医药生物,SW2021,AKShare.sw_index_second_info
801156,医疗服务,医药生物,SW2021,AKShare.sw_index_second_info
801202,贸易Ⅱ,商贸零售,SW2021,AKShare.sw_index_second_info
801203,一般零售,商贸零售,SW2021,AKShare.sw_index_second_info
801204,专业连锁Ⅱ,商贸零售,SW2021,AKShare.sw_index_second_info
801206,互联网电商,商贸零售,SW2021,AKShare.sw_index_second_info
801207,旅游零售Ⅱ,商贸零售,SW2021,AKShare.sw_index_second_info
801741,航天装备Ⅱ,国防军工,SW2021,AKShare.sw_index_second_info
801742,航空装备Ⅱ,国防军工,SW2021,AKShare.sw_index_second_info
801743,地面兵装Ⅱ,国防军工,SW2021,AKShare.sw_index_second_info
801744,航海装备Ⅱ,国防军工,SW2021,AKShare.sw_index_second_info
801745,军工电子Ⅱ,国防军工,SW2021,AKShare.sw_index_second_info
801032,化学纤维,基础化工,SW2021,AKShare.sw_index_second_info
801033,化学原料,基础化工,SW2021,AKShare.sw_index_second_info
801034,化学制品,基础化工,SW2021,AKShare.sw_index_second_info
801036,塑料,基础化工,SW2021,AKShare.sw_index_second_info
801037,橡胶,基础化工,SW2021,AKShare.sw_index_second_info
801038,农化制品,基础化工,SW2021,AKShare.sw_index_second_info
801039,非金属材料Ⅱ,基础化工,SW2021,AKShare.sw_index_second_info
801111,白色家电,家用电器,SW2021,AKShare.sw_index_second_info
801112,黑色家电,家用电器,SW2021,AKShare.sw_index_second_info
801113,小家电,家用电器,SW2021,AKShare.sw_index_second_info
801114,厨卫电器,家用电器,SW2021,AKShare.sw_index_second_info
801115,照明设备Ⅱ,家用电器,SW2021,AKShare.sw_index_second_info
801116,家电零部件Ⅱ,家用电器,SW2021,AKShare.sw_index_second_info
801117,其他家电Ⅱ,家用电器,SW2021,AKShare.sw_index_second_info
801711,水泥,建筑材料,SW2021,AKShare.sw_index_second_info
801712,玻璃玻纤,建筑材料,SW2021,AKShare.sw_index_second_info
801713,装修建材,建筑材料,SW2021,AKShare.sw_index_second_info
801721,房屋建设Ⅱ,建筑装饰,SW2021,AKShare.sw_index_second_info
801722,装修装饰Ⅱ,建筑装饰,SW2021,AKShare.sw_index_second_info
801723,基础建设,建筑装饰,SW2021,AKShare.sw_index_second_info
801724,专业工程,建筑装饰,SW2021,AKShare.sw_index_second_info
801726,工程咨询服务Ⅱ,建筑装饰,SW2021,AKShare.sw_index_second_info
801181,房地产开发,房地产,SW2021,AKShare.sw_index_second_info
801183,房地产服务,房地产,SW2021,AKShare.sw_index_second_info
801051,金属新材料,有色金属,SW2021,AKShare.sw_index_second_info
801053,贵金属,有色金属,SW2021,AKShare.sw_index_second_info
801054,小金属,有色金属,SW2021,AKShare.sw_index_second_info
801055,工业金属,有色金属,SW2021,AKShare.sw_index_second_info
801056,能源金属,有色金属,SW2021,AKShare.sw_index_second_info
801072,通用设备,机械设备,SW2021,AKShare.sw_index_second_info
801074,专用设备,机械设备,SW2021,AKShare.sw_index_second_info
801076,轨交设备Ⅱ,机械设备,SW2021,AKShare.sw_index_second_info
801077,工程机械,机械设备,SW2021,AKShare.sw_index_second_info
801078,自动化设备,机械设备,SW2021,AKShare.sw_index_second_info
801092,汽车服务,汽车,SW2021,AKShare.sw_index_second_info
801093,汽车零部件,汽车,SW2021,AKShare.sw_index_second_info
801095,乘用车,汽车,SW2021,AKShare.sw_index_second_info
801096,商用车,汽车,SW2021,AKShare.sw_index_second_info
801881,摩托车及其他,汽车,SW2021,AKShare.sw_index_second_info
801951,煤炭开采,煤炭,SW2021,AKShare.sw_index_second_info
801952,焦炭Ⅱ,煤炭,SW2021,AKShare.sw_index_second_info
801971,环境治理,环保,SW2021,AKShare.sw_index_second_info
801972,环保设备Ⅱ,环保,SW2021,AKShare.sw_index_second_info
801731,电机Ⅱ,电力设备,SW2021,AKShare.sw_index_second_info
801733,其他电源设备Ⅱ,电力设备,SW2021,AKShare.sw_index_second_info
801735,光伏设备,电力设备,SW2021,AKShare.sw_index_second_info
801736,风电设备,电力设备,SW2021,AKShare.sw_index_second_info
801737,电池,电力设备,SW2021,AKShare.sw_index_second_info
801738,电网设备,电力设备,SW2021,AKShare.sw_index_second_info
801081,半导体,电子,SW2021,AKShare.sw_index_second_info
801082,其他电子Ⅱ,电子,SW2021,AKShare.sw_index_second_info
801083,元件,电子,SW2021,AKShare.sw_index_second_info
801084,光学光电子,电子,SW2021,AKShare.sw_index_second_info
801085,消费电子,电子,SW2021,AKShare.sw_index_second_info
801086,电子化学品Ⅱ,电子,SW2021,AKShare.sw_index_second_info
801961,油气开采Ⅱ,石油石化,SW2021,AKShare.sw_index_second_info
801962,油服工程,石油石化,SW2021,AKShare.sw_index_second_info
801963,炼化及贸易,石油石化,SW2021,AKShare.sw_index_second_info
801216,体育Ⅱ,社会服务,SW2021,AKShare.sw_index_second_info
801218,专业服务,社会服务,SW2021,AKShare.sw_index_second_info
801219,酒店餐饮,社会服务,SW2021,AKShare.sw_index_second_info
801993,旅游及景区,社会服务,SW2021,AKShare.sw_index_second_info
801994,教育,社会服务,SW2021,AKShare.sw_index_second_info
801131,纺织制造,纺织服饰,SW2021,AKShare.sw_index_second_info
801132,服装家纺,纺织服饰,SW2021,AKShare.sw_index_second_info
801133,饰品,纺织服饰,SW2021,AKShare.sw_index_second_info
801231,综合Ⅱ,综合,SW2021,AKShare.sw_index_second_info
801981,个护用品,美容护理,SW2021,AKShare.sw_index_second_info
801982,化妆品,美容护理,SW2021,AKShare.sw_index_second_info
801983,医疗美容,美容护理,SW2021,AKShare.sw_index_second_info
801101,计算机设备,计算机,SW2021,AKShare.sw_index_second_info
801103,IT服务Ⅱ,计算机,SW2021,AKShare.sw_index_second_info
801104,软件开发,计算机,SW2021,AKShare.sw_index_second_info
801141,包装印刷,轻工制造,SW2021,AKShare.sw_index_second_info
801142,家居用品,轻工制造,SW2021,AKShare.sw_index_second_info
801143,造纸,轻工制造,SW2021,AKShare.sw_index_second_info
801145,文娱用品,轻工制造,SW2021,AKShare.sw_index_second_info
801102,通信设备,通信,SW2021,AKShare.sw_index_second_info
801223,通信服务,通信,SW2021,AKShare.sw_index_second_info
801043,冶钢原料,钢铁,SW2021,AKShare.sw_index_second_info
801044,普钢,钢铁,SW2021,AKShare.sw_index_second_info
801045,特钢Ⅱ,钢铁,SW2021,AKShare.sw_index_second_info
801782,国有大型银行Ⅱ,银行,SW2021,AKShare.sw_index_second_info
801783,股份制银行Ⅱ,银行,SW2021,AKShare.sw_index_second_info
801784,城商行Ⅱ,银行,SW2021,AKShare.sw_index_second_info
801785,农商行Ⅱ,银行,SW2021,AKShare.sw_index_second_info
801191,多元金融,非银金融,SW2021,AKShare.sw_index_second_info
801193,证券Ⅱ,非银金融,SW2021,AKShare.sw_index_second_info
801194,保险Ⅱ,非银金融,SW2021,AKShare.sw_index_second_info
801124,食品加工,食品饮料,SW2021,AKShare.sw_index_second_info
801125,白酒Ⅱ,食品饮料,SW2021,AKShare.sw_index_second_info
801126,非白酒,食品饮料,SW2021,AKShare.sw_index_second_info
801127,饮料乳品,食品饮料,SW2021,AKShare.sw_index_second_info
801128,休闲食品,食品饮料,SW2021,AKShare.sw_index_second_info
801129,调味发酵品Ⅱ,食品饮料,SW2021,AKShare.sw_index_second_info
